Exchange,Symbol
NASDAQ,NVDA
NASDAQ,MSFT
NASDAQ,AAPL
NASDAQ,GOOG
NASDAQ,AMZN
NASDAQ,META
NASDAQ,AVGO
NASDAQ,TSLA
NYSE,BRK.A
NYSE,JPM
NYSE,WMT
NYSE,ORCL
NYSE,LLY
NYSE,V
NASDAQ,NFLX
NYSE,MA
NYSE,XOM
NYSE,JNJ
NASDAQ,PLTR
NYSE,HD
NYSE,BABA
NASDAQ,COST
NYSE,ABBV
NYSE,BAC
NYSE,PG
NYSE,CVX
NYSE,GE
NYSE,UNH
NYSE,KO
NYSE,WFC
NASDAQ,TMUS
NASDAQ,CSCO
NYSE,IBM
NASDAQ,AMD
NYSE,PM
NYSE,MS
NYSE,GS
NYSE,AXP
NYSE,ABT
NYSE,CRM
NASDAQ,APP
NASDAQ,LIN
NYSE,RTX
NYSE,CAT
NYSE,MCD
NYSE,BX
NYSE,UBER
NYSE,DIS
NYSE,T
NYSE,MRK
NYSE,NOW
NASDAQ,INTU
NASDAQ,PEP
NYSE,C
NYSE,BLK
NYSE,VZ
NASDAQ,QCOM
NASDAQ,SHOP
NASDAQ,PDD
NASDAQ,BKNG
NYSE,ANET
NASDAQ,MU
NYSE,TMO
NYSE,SCHW
NASDAQ,TXN
NYSE,BA
NASDAQ,INTC
NYSE,GEV
NASDAQ,AMAT
NASDAQ,LRCX
NYSE,TJX
NASDAQ,ISRG
NYSE,NEE
NASDAQ,ADBE
NYSE,APH
NYSE,ACN
NYSE,SPGI
NASDAQ,ARM
NASDAQ,AMGN
NYSE,BSX
NYSE,SPOT
NYSE,LOW
NYSE,COF
NYSE,PGR
NYSE,ETN
NYSE,SYK
NASDAQ,KLAC
NYSE,UNP
NASDAQ,GILD
NASDAQ,PANW
NYSE,PFE
NYSE,DHR
NASDAQ,HON
NYSE,DE
NASDAQ,MELI
NYSE,COP
NASDAQ,ADI
NYSE,MDT
NASDAQ,CRWD
NYSE,KKR
NASDAQ,ADP
NYSE,CCZ
NASDAQ,CMCSA
NYSE,WELL
NYSE,LMT
NYSE,BN
NASDAQ,IBKR
NASDAQ,DASH
NYSE,CB
NYSE,MO
NYSE,SE
NYSE,PLD
NASDAQ,HOOD
NYSE,SO
NASDAQ,CEG
NYSE,NKE
NASDAQ,VRTX
NYSE,MMC
NYSE,HCA
NASDAQ,CME
NYSE,CVS
NYSE,ICE
NYSE,DUK
NASDAQ,CDNS
NYSE,SCCO
NYSE,PH
NASDAQ,SBUX
NYSE,MCK
NYSE,BAM
NYSE,NEM
NYSE,RBLX
NYSE,TT
NYSE,AMT
NASDAQ,NTES
NASDAQ,SNPS
NASDAQ,ORLY
NYSE,BMY
NYSE,GD
NYSE,RCL
NYSE,WM
NYSE,DELL
NASDAQ,MSTR
NYSE,MCO
NYSE,SHW
NYSE,NOC
NASDAQ,CTAS
NASDAQ,MDLZ
NYSE,MMM
NASDAQ,COIN
NYSE,PNC
NYSE,CVNA
NYSE,APO
NYSE,WMB
NYSE,AJG
NYSE,HWM
NASDAQ,EQIX
NYSE,BK
NYSE,USB
NASDAQ,ABNB
NYSE,ECL
NYSE,AON
NYSE,CRH
NYSE,CI
NYSE,SNOW
NYSE,ITW
NYSE,MSI
NYSE,NU
NYSE,NET
NYSE,TDG
NYSE,EMR
NYSE,ELV
NASDAQ,MAR
NASDAQ,MRVL
NYSE,RSG
NYSE,UPS
NYSE,FI
NYSE,AZO
NYSE,VST
NYSE,JCI
NASDAQ,ADSK
NYSE,EPD
NYSE,GLW
NYSE,NSC
NASDAQ,WDAY
NASDAQ,FTNT
NYSE,CL
NASDAQ,PYPL
NYSE,TEL
NYSE,EOG
NASDAQ,MNST
NYSE,ZTS
NASDAQ,CSX
NYSE,KMI
NYSE,TRV
NYSE,HLT
NYSE,URI
NYSE,SPG
NYSE,MPC
NYSE,ET
NASDAQ,REGN
NYSE,PWR
NYSE,AFL
NYSE,COR
NYSE,APD
NYSE,TFC
NASDAQ,CRWV
NYSE,CPNG
NASDAQ,ALNY
NYSE,DLR
NASDAQ,AEP
NYSE,GM
NYSE,SRE
NYSE,CMI
NASDAQ,NXPI
NYSE,PSX
NYSE,FDX
NYSE,ALL
NASDAQ,FAST
NASDAQ,AXON
NYSE,O
NYSE,LHX
NYSE,VLO
NYSE,MET
NYSE,CMG
NASDAQ,ROP
NYSE,SLB
NYSE,VRT
NYSE,BDX
NASDAQ,PCAR
NYSE,LNG
NYSE,MPLX
NYSE,D
NYSE,FCX
NASDAQ,IDXX
NYSE,PSA
NASDAQ,NDAQ
NYSE,CARR
NYSE,DHI
NASDAQ,BKR
NYSE,FLUT
NASDAQ,ROST
NASDAQ,JD
NASDAQ,DDOG
NASDAQ,EA
NASDAQ,WBD
NYSE,F
NYSE,VEEV
NASDAQ,TTWO
NYSE,AMP
NYSE,CBRE
NASDAQ,XEL
NYSE,OXY
NASDAQ,ZS
NYSE,OKE
NASDAQ,STX
NYSE,GRMN
NYSE,CTVA
NASDAQ,PAYX
NYSE,GWW
NASDAQ,BIDU
NYSE,RDDT
NYSE,XYZ
NYSE,EW
NYSE,FERG
NASDAQ,EXC
NYSE,MSCI
NASDAQ,TEAM
NASDAQ,CPRT
NYSE,KR
NYSE,AIG
NYSE,AME
NASDAQ,FANG
NASDAQ,MPWR
NYSE,YUM
NASDAQ,CHTR
NASDAQ,EBAY
NYSE,CCI
NASDAQ,CCEP
NYSE,ETR
NYSE,PEG
NYSE,RKT
NASDAQ,KMB
NYSE,TGT
NYSE,CCL
NYSE,RMD
NYSE,VMC
NYSE,TKO
NYSE,UI
NYSE,SYY
NYSE,HEI
NYSE,ROK
NYSE,HSY
NYSE,LYV
NYSE,TRGP
NYSE,HIG
NYSE,DAL
NYSE,CCJ
NASDAQ,WDC
NYSE,LVS
NYSE,MLM
NYSE,PRU
NYSE,CAH
NYSE,FICO
NYSE,WEC
NYSE,VG
NYSE,ED
NASDAQ,CSGP
NYSE,OTIS
NYSE,ARES
NYSE,RJF
NYSE,A
NYSE,XYL
NASDAQ,FWONA
NASDAQ,MCHP
NASDAQ,KDP
NYSE,VICI
NASDAQ,VRSK
NYSE,AU
NASDAQ,ACGL
NYSE,EQT
NYSE,WAB
NYSE,FIS
NASDAQ,WTW
NASDAQ,SOFI
NASDAQ,GEHC
NYSE,PCG
NASDAQ,ALAB
NYSE,STT
NASDAQ,CTSH
NYSE,IR
NYSE,NRG
NYSE,LEN
NYSE,VTR
NYSE,DD
NYSE,NUE
NASDAQ,UAL
NYSE,HPE
NYSE,KVUE
NYSE,EFX
NYSE,MTB
NYSE,EL
NYSE,BRO
NASDAQ,KHC
NASDAQ,SYM
NYSE,HUM
NYSE,IQV
OTC,DIDIY
NASDAQ,FITB
NASDAQ,TSCO
NYSE,IRM
NYSE,KEYS
NYSE,EXR
NYSE,QSR
NASDAQ,ODFL
NYSE,ADM
NASDAQ,INSM
NYSE,DTE
NYSE,WRB
NYSE,EME
NYSE,FIX
NYSE,ROL
NYSE,AVB
NYSE,SYF
NYSE,BR
NYSE,AEE
NASDAQ,EXPE
NYSE,AWK
NYSE,OWL
NYSE,HUBS
NASDAQ,LPLA
NASDAQ,SMCI
NYSE,PPL
NYSE,K
NYSE,PSTG
NYSE,TDY
NYSE,ATO
NYSE,CRCL
NASDAQ,NBIS
NYSE,VIK
NYSE,GIS
NASDAQ,VRSN
NASDAQ,DXCM
NASDAQ,TW
NYSE,FE
NYSE,CQP
NASDAQ,REG
NYSE,VLTO
NASDAQ,MDB
NYSE,ES
NYSE,PHM
NASDAQ,FOX
NASDAQ,HBAN
NASDAQ,NTRS
CBOE,CBOE
NYSE,CNP
NASDAQ,ZM
NASDAQ,EXE
NYSE,HPQ
NASDAQ,GRAB
NYSE,MTD
NASDAQ,AFRM
NASDAQ,ULTA
NASDAQ,CRDO
NYSE,EQR
NASDAQ,CINF
NYSE,STE
NYSE,WSM
NASDAQ,PTC
NASDAQ,CYBR
NYSE,MKL
NASDAQ,FUTU
NASDAQ,NTAP
NYSE,IP
NYSE,RF
NYSE,LDOS
NASDAQ,FCNCA
NASDAQ,FSLR
NASDAQ,BNTX
NYSE,DVN
NYSE,PPG
NYSE,STZ
NYSE,LH
NYSE,JBL
NASDAQ,CG
NYSE,NVR
NASDAQ,TTD
NYSE,DOV
NYSE,CFG
NYSE,CFG%2FPI
NYSE,TYL
NYSE,PINS
NASDAQ,TROW
NYSE,TPR
NYSE,HUBB
NYSE,DG
NASDAQ,RKLB
NASDAQ,PODD
NASDAQ,NTRA
NASDAQ,CHKP
NASDAQ,TPG
NYSE,TPL
NYSE,DRI
NYSE,SW
NYSE,IOT
NASDAQ,LULU
NYSE,AER
NYSE,FIG
NYSE,TOST
NYSE,BIP
NASDAQ,CDW
NASDAQ,TER
NYSE,CMS
NASDAQ,SSNC
NYSE,HAL
NASDAQ,FLEX
NYSE,EIX
NYSE,DGX
NASDAQ,SATS
NYSE,CHD
NASDAQ,DKNG
NYSE,BAP
NYSE,CPAY
NASDAQ,SBAC
NYSE,L
NASDAQ,NTNX
NYSE,KEY
NASDAQ,STLD
NASDAQ,ON
NYSE,DKS
NYSE,GPN
NASDAQ,RPRX
NASDAQ,CASY
NYSE,TECK
NASDAQ,PSKY
NASDAQ,BIIB
NYSE,NI
NYSE,IONQ
NYSE,CIEN
NYSE,IT
NYSE,CW
NASDAQ,GFS
NYSE,GDDY
NASDAQ,UTHR
NYSE,GWRE
NYSE,ZBH
NYSE,PKG
NASDAQ,DLTR
NASDAQ,TRMB
NYSE,GPC
NASDAQ,Z
NYSE,AS
NASDAQ,RIVN
NYSE,RL
NYSE,TSN
NYSE,WST
NASDAQ,TLN
NYSE,APTV
NASDAQ,FFIV
NYSE,AMCR
NASDAQ,PFG
NYSE,LII
NYSE,CTRA
NYSE,U
NYSE,PNR
NYSE,INVH
NYSE,THC
NYSE,CRBG
NYSE,SNA
NASDAQ,NWS
NASDAQ,GEN
NYSE,WY
NYSE,J
NYSE,MKC
NASDAQ,ASTS
NYSE,WAT
NASDAQ,WMG
NYSE,SGI
NYSE,USFD
NYSE,ESS
NYSE,CNC
NYSE,ACM
NYSE,LUV
NASDAQ,EVRG
NASDAQ,LNT
NASDAQ,FTAI
NYSE,COHR
NYSE,BURL
NYSE,TRU
NYSE,FTI
NYSE,EXPD
NYSE,BWXT
NYSE,BE
NYSE,CHWY
NYSE,MTZ
NYSE,FTV
NYSE,FNF
NYSE,BG
NASDAQ,DOCU
NYSE,MAA
NYSE,PFGC
NYSE,OKLO
NYSE,DOW
NYSE,WSO
NYSE,RBRK
NASDAQ,INCY
NYSE,SUI
NASDAQ,OKTA
NYSE,BBY
NYSE,YUMC
NYSE,LYB
NASDAQ,BSY
NYSE,TWLO
NYSE,EQH
NYSE,DECK
NYSE,NVT
NASDAQ,CHRW
NASDAQ,SMMT
NYSE,IFF
NYSE,JBS
NASDAQ,ZBRA
NYSE,CLX
NYSE,CPT
NYSE,KLAR
NASDAQ,AVAV
NYSE,WES
NYSE,ALLE
NYSE,RPM
NYSE,WPC
NASDAQ,DUOL
NASDAQ,HOLX
NYSE,SN
NASDAQ,WWD
NASDAQ,EWBC
NYSE,RS
NYSE,DT
NYSE,OMC
NYSE,CF
NYSE,TXT
NYSE,XPO
NASDAQ,DPZ
OTC,FNMA
NYSE,MAS
NASDAQ,ERIE
NASDAQ,ROKU
NYSE,RYAN
NYSE,EG
NYSE,KIM
NASDAQ,KTOS
NYSE,ARE
NYSE,HLI
NASDAQ,ARCC
AMEX,BMNR
NYSE,APG
NYSE,JLL
NASDAQ,SNDK
NYSE,NIO
NASDAQ,ENTG
NASDAQ,ILMN
NASDAQ,NBIX
NYSE,GGG
NASDAQ,CELH
NYSE,CSL
NYSE,SNAP
NASDAQ,MEDP
NYSE,ULS
NYSE,DOCS
NYSE,ONON
NYSE,ITT
NYSE,JOBY
NYSE,JEF
NASDAQ,TEM
NYSE,H
NYSE,CNH
NYSE,HRL
NASDAQ,COOP
NYSE,SNX
NYSE,YMM
NYSE,NLY
NYSE,BALL
NYSE,DOC
NASDAQ,COO
NASDAQ,WYNN
AMEX,PHYS
NYSE,UNM
NASDAQ,GLPI
NYSE,TOL
NYSE,EVR
NYSE,HIMS
NYSE,BLDR
NASDAQ,LECO
NASDAQ,JBHT
NASDAQ,VNOM
NASDAQ,RGLD
NYSE,FN
NASDAQ,MANH
NYSE,UHS
NYSE,EHC
NASDAQ,NDSN
NYSE,BF.A
NASDAQ,ICLR
NYSE,QXO
NYSE,RGA
NYSE,PAYC
NYSE,CNA
NYSE,AVY
NYSE,CRS
NASDAQ,PAA
NYSE,CLH
NYSE,SOLV
NYSE,ALLY
NYSE,OHI
NYSE,UDR
NASDAQ,LAMR
NYSE,BJ
NYSE,BAH
NASDAQ,SAIL
NYSE,MP
NYSE,IEX
NYSE,RBC
NYSE,AFG
NYSE,AMH
NYSE,BEN
NASDAQ,HST
NYSE,OC
NYSE,CDE
NYSE,BXP
NYSE,GME
NASDAQ,SWKS
NYSE,RNR
NASDAQ,GLXY
NYSE,SF
NYSE,GL
NASDAQ,DRS
NYSE,SJM
NASDAQ,ASND
NYSE,FHN
NYSE,ELS
NYSE,SCI
NYSE,DTM
NYSE,SWK
NASDAQ,POOL
NYSE,ATI
NYSE,PR
NASDAQ,MBLY
NASDAQ,IREN
NYSE,PAG
NYSE,NCLH
NYSE,CCK
NYSE,BAX
NYSE,W
NASDAQ,LITE
NYSE,MLI
NYSE,MOS
NASDAQ,CART
NASDAQ,BZ
NASDAQ,VTRS
NYSE,OVV
NYSE,BLD
NASDAQ,RMBS
NYSE,PCOR
NYSE,FDS
NYSE,HII
NASDAQ,AKAM
NASDAQ,JKHY
NYSE,AIZ
NYSE,DAY
NYSE,WTRG
NYSE,SMR
NASDAQ,NXT
NASDAQ,TXRH
OTC,LKNCY
NASDAQ,SFM
NASDAQ,BILI
NYSE,JHX
NYSE,WMS
NYSE,CACI
NASDAQ,FRHC
NASDAQ,HAS
NASDAQ,SEIC
NYSE,AR
NASDAQ,EXEL
NASDAQ,MNDY
NYSE,CR
NYSE,ORI
NASDAQ,STRL
NYSE,MOH
NYSE,WCC
NYSE,CNM
NYSE,AYI
NYSE,ALB
NYSE,PNW
NASDAQ,ROIV
NASDAQ,BMRN
NASDAQ,AGNC
NYSE,SSB
NASDAQ,IONS
NYSE,UHAL
NASDAQ,AUR
NYSE,AOS
NASDAQ,EXAS
NYSE,IVZ
NASDAQ,RGTI
NYSE,ARMK
NASDAQ,PEGA
NASDAQ,COKE
NASDAQ,APPF
NYSE,UWMC
NYSE,DINO
NYSE,WLK
NASDAQ,ENSG
NYSE,WBS
NASDAQ,MORN
NASDAQ,XP
NYSE,PEN
NASDAQ,WIX
NYSE,GNRC
NYSE,AIT
NYSE,REXR
NYSE,ACI
NYSE,KNSL
NASDAQ,LSCC
NASDAQ,TTAN
NYSE,RVTY
NYSE,ELAN
NYSE,WAL
NYSE,DDS
NYSE,MGM
NYSE,IPG
NASDAQ,MTSI
NASDAQ,PPC
NYSE,ALV
NASDAQ,BBIO
NASDAQ,CPB
NYSE,RRX
NYSE,BWA
NASDAQ,MRNA
NYSE,QGEN
NYSE,KVYO
NYSE,NYT
NASDAQ,MDGL
NYSE,DCI
NYSE,BLSH
NYSE,AES
NYSE,AM
NYSE,DVA
NASDAQ,FYBR
NYSE,WTS
NASDAQ,NTSK
NYSE,CUBE
NYSE,OGE
NASDAQ,SFD
NASDAQ,VRNA
NYSE,QBTS
NASDAQ,ALGN
NYSE,ESTC
NASDAQ,NVMI
NYSE,LEVI
NYSE,VIPS
NASDAQ,UMBF
NYSE,KRMN
NYSE,SPXC
NASDAQ,PCTY
NASDAQ,LBRDA
NASDAQ,SRAD
NASDAQ,MMYT
NYSE,GTLS
NYSE,PRI
NASDAQ,DOX
NYSE,EGP
NASDAQ,WTFC
NYSE,RRC
NYSE,SARO
NYSE,CMA
NASDAQ,IDCC
NYSE,TAP
NASDAQ,LYFT
NASDAQ,CORT
NASDAQ,APA
AMEX,PSLV
NASDAQ,TTEK
NASDAQ,LINE
NYSE,BROS
NYSE,PLNT
NASDAQ,MTCH
NYSE,ATR
NYSE,PSN
NYSE,CAG
NASDAQ,ONB
NASDAQ,BPOP
NYSE,INFA
NYSE,FRT
NASDAQ,HALO
NASDAQ,LLYVA
NASDAQ,QRVO
NASDAQ,FIVE
NASDAQ,ZION
NYSE,AA
NYSE,NFG
NASDAQ,CVLT
NYSE,EPAM
AMEX,EQX
NYSE,BRX
NYSE,AWI
NYSE,DY
NYSE,OSK
NASDAQ,HQY
NYSE,EDU
NYSE,CFR
NYSE,PRMB
NYSE,BIRK
NYSE,FND
NASDAQ,DBX
NASDAQ,RVMD
NASDAQ,CAI
NYSE,AN
NYSE,AGCO
OTC,MYTHY
NASDAQ,MKSI
NYSE,LAD
NYSE,GAP
NASDAQ,OLLI
NASDAQ,LIF
NYSE,AVTR
NASDAQ,TECH
NASDAQ,TIGO
OTC,FMCC
NASDAQ,HSIC
NYSE,NNN
NYSE,MHK
NASDAQ,CBSH
NASDAQ,GTLB
NASDAQ,CHYM
NYSE,ADC
NASDAQ,HLNE
NYSE,ZWS
NASDAQ,SAIA
NYSE,HL
NYSE,NEU
NASDAQ,IESC
NASDAQ,COLB
NASDAQ,LKQ
NYSE,CTRE
NYSE,INGR
NYSE,VNO
NYSE,SUN
NASDAQ,STEP
NYSE,LNC
NASDAQ,JAZZ
NYSE,LW
NASDAQ,CGNX
NASDAQ,MASI
NYSE,R
NASDAQ,TSEM
NASDAQ,SIRI
NASDAQ,SITM
NYSE,VMI
NYSE,MUSA
NYSE,EXP
NYSE,GMED
NYSE,AXS
NASDAQ,BULL
NASDAQ,GH
NYSE,PDI
NYSE,TTC
NASDAQ,RGC
NASDAQ,AAL
NASDAQ,PNFP
NASDAQ,VFS
NYSE,FSS
NASDAQ,AAON
NASDAQ,PONY
NYSE,LOAR
NYSE,KNTK
NYSE,ZK
NYSE,ELF
NASDAQ,LCID
NYSE,STWD
NYSE,G
NYSE,HESM
NYSE,BIO
NYSE,CRL
NYSE,VOYA
NYSE,MOD
NYSE,CAVA
NYSE,JXN
NYSE,PRIM
NYSE,EMN
NYSE,AHR
NASDAQ,ROAD
NASDAQ,BOKF
NASDAQ,AMKR
NYSE,QS
NYSE,ALSN
NYSE,UGI
NYSE,JBTM
NASDAQ,LNW
NYSE,SSD
NASDAQ,OLED
NYSE,AL
NYSE,FLS
NASDAQ,RGEN
NASDAQ,EXLS
NYSE,FR
NYSE,IDA
NYSE,STVN
NYSE,JHG
NYSE,FOUR
NYSE,OMF
AMEX,CEF
NYSE,DLB
NYSE,SNV
NASDAQ,WING
NYSE,BYD
NASDAQ,FIGR
NYSE,CADE
NYSE,ADT
NASDAQ,CFLT
NYSE,FLR
NYSE,TAL
NYSE,IBP
NYSE,KD
NASDAQ,FCFS
NASDAQ,CHDN
NYSE,AMG
NYSE,TX
NYSE,OBDC
NASDAQ,MIDD
NYSE,CHE
NYSE,KMX
NASDAQ,MKTX
NYSE,HRB
NYSE,MSA
NYSE,ESAB
NASDAQ,VRNS
NYSE,SGHC
NYSE,STAG
NYSE,OTF
NYSE,MTG
NYSE,FAF
NYSE,CDP
NASDAQ,RYTM
NYSE,CMC
NYSE,TMHC
NASDAQ,URBN
NASDAQ,WAY
NASDAQ,RIOT
NASDAQ,RRR
NASDAQ,SOUN
NYSE,MOG.A
NYSE,PATH
NASDAQ,OPEN
NASDAQ,CRUS
NYSE,LRN
NASDAQ,LFUS
NYSE,KNX
NYSE,PFSI
NYSE,THG
NYSE,GTES
NYSE,FBIN
NYSE,ESNT
NYSE,PJT
NASDAQ,ETSY
AMEX,UEC
NASDAQ,GNTX
NYSE,PB
NYSE,GATX
NYSE,HR
NASDAQ,AEIS
NASDAQ,RNA
NYSE,ONTO
NYSE,ARW
NASDAQ,GLBE
NYSE,WH
NYSE,BXSL
NYSE,PIPR
NYSE,VNT
NYSE,BFAM
NYSE,RITM
NASDAQ,LEGN
NYSE,LTH
NYSE,REZI
NYSE,GXO
NYSE,CLF
NYSE,MTDR
NYSE,KBR
NASDAQ,LOPE
NYSE,AXTA
NASDAQ,SANM
NYSE,LUMN
NASDAQ,CCCS
NYSE,S
NYSE,ESI
NASDAQ,CYTK
NASDAQ,NXST
NYSE,ACHR
NASDAQ,CHRD
NASDAQ,VLY
NASDAQ,MARA
NYSE,RLI
NYSE,TXNM
NYSE,TRNO
NYSE,GBCI
NYSE,EPRT
NYSE,LPX
NASDAQ,OZK
NYSE,EAT
NASDAQ,NUVL
NYSE,ALK
NASDAQ,FROG
NYSE,MC
NYSE,RHP
NASDAQ,RDNT
NYSE,FNB
NASDAQ,AXSM
NASDAQ,SLM
NYSE,STUB
NYSE,CRK
NASDAQ,ACT
NASDAQ,TTMI
NYSE,ORA
NYSE,SITE
NYSE,POST
NYSE,VFC
NYSE,GPK
NYSE,CWEN
NYSE,MAIN
NASDAQ,CWST
NASDAQ,APLD
NASDAQ,CAR
NYSE,HOMB
NASDAQ,ITRI
NYSE,GPI
NASDAQ,TGTX
NASDAQ,CZR
NYSE,SWX
NASDAQ,CRSP
NYSE,THO
NASDAQ,UFPI
AMEX,LEU
NYSE,MIR
NASDAQ,UPST
NYSE,BILL
NYSE,WEX
NYSE,TREX
NASDAQ,ALGM
NYSE,BBWI
NYSE,AMTM
NASDAQ,MTSR
NYSE,MTN
NASDAQ,IRTC
NYSE,ATGE
NASDAQ,SMTC
NASDAQ,MAT
NYSE,LEA
NASDAQ,ACIW
NYSE,VIRT
NYSE,MSGS
NASDAQ,HWC
NYSE,TFX
NYSE,ESE
NASDAQ,UBSI
NYSE,CWAN
NASDAQ,FLY
NYSE,TKR
NYSE,MRP
NYSE,FCN
NASDAQ,ATAT
NASDAQ,MRUS
NYSE,BMI
NYSE,BOOT
NYSE,GHC
NASDAQ,CACC
NYSE,MTH
NASDAQ,CORZ
NYSE,FRO
NYSE,ABCB
NYSE,BLCO
NYSE,AUB
NASDAQ,PI
NYSE,KRC
NYSE,LAZ
NASDAQ,STNE
NYSE,DAR
NYSE,CHH
NYSE,SEE
NYSE,MSM
NYSE,HXL
NASDAQ,NNNN
NYSE,RDN
NYSE,BEPC
NYSE,NOV
NASDAQ,CAMT
NASDAQ,WFRD
NYSE,MMS
NYSE,RSI
NYSE,AX
NASDAQ,QLYS
NYSE,BDC
NASDAQ,REYN
NASDAQ,SSRM
NYSE,INGM
NYSE,ZETA
NASDAQ,SNEX
NASDAQ,FFIN
NASDAQ,FTDR
NYSE,BIPC
NYSE,BCO
NASDAQ,BCPC
NYSE,KRG
NYSE,YOU
NYSE,RAL
NASDAQ,SIGI
NASDAQ,KRYS
NASDAQ,BTSG
NYSE,CPA
NYSE,M
NYSE,MGY
NYSE,FLG
NYSE,FLG%2FPU
NYSE,OGS
NYSE,WK
NYSE,NJR
NASDAQ,OS
NYSE,HHH
NASDAQ,CALM
NASDAQ,PECO
NASDAQ,ENPH
NYSE,GVA
NYSE,CUZ
NYSE,POR
NYSE,SR
NASDAQ,MMSI
NASDAQ,IEP
NASDAQ,MZTI
NASDAQ,DORM
NYSE,KEX
NYSE,CRC
NASDAQ,BRKR
NYSE,ABG
NASDAQ,DJT
NYSE,BOX
NASDAQ,PTCT
NYSE,NPO
NYSE,QTWO
NYSE,VVV
NYSE,AROC
NYSE,SPR
NYSE,NE
NYSE,IFS
NYSE,BRBR
NYSE,NIQ
NYSE,MCY
NASDAQ,ALKS
NASDAQ,MRCY
NYSE,GKOS
NYSE,NNI
NASDAQ,LAUR
NYSE,CNX
NYSE,SLGN
NYSE,ACA
NASDAQ,ARWR
NASDAQ,CVCO
NYSE,MAC
NASDAQ,KC
NASDAQ,SBRA
NYSE,SFBS
NASDAQ,CIFR
NYSE,SLG
NYSE,GOLF
NASDAQ,SAIC
NASDAQ,BGC
NASDAQ,SHC
NYSE,KTB
NYSE,CE
NASDAQ,CROX
NASDAQ,CLBT
NASDAQ,MENS
NASDAQ,OPCH
NASDAQ,ACLX
NYSE,BKH
NYSE,WTM
NASDAQ,WULF
NASDAQ,PCVX
NASDAQ,RUSHA
NYSE,ST
NASDAQ,VCTR
NYSE,EPR
NASDAQ,IBOC
NASDAQ,BANF
NASDAQ,DLO
NASDAQ,AVT
NYSE,WHR
NASDAQ,GSAT
NYSE,SON
NASDAQ,CRNX
NYSE,ASB
NYSE,KBH
NYSE,FG
OTC,FINN
NASDAQ,SLAB
NYSE,MUR
NYSE,CNR
NYSE,COMP
NYSE,ECG
NASDAQ,GLNG
NYSE,FSK
NASDAQ,LSTR
NASDAQ,FELE
NYSE,FMC
NYSE,SKY
NASDAQ,PTGX
NYSE,AB
NYSE,ENS
NYSE,PVH
NYSE,LB
NYSE,KNF
NYSE,BC
NYSE,AD
NASDAQ,SKYW
NYSE,CBT
NYSE,OSCR
NYSE,HGTY
NYSE,NSA
OTC,ROYMY
NYSE,CSW
NYSE,RYN
NASDAQ,RUN
NYSE,SXT
NYSE,TDS
NYSE,ANF
NASDAQ,CRVL
NYSE,FHI
NYSE,AGO
NASDAQ,SPSC
NASDAQ,KYMR
NYSE,CALX
NASDAQ,INTR
NASDAQ,LBTYA
NASDAQ,VERX
NASDAQ,MLTX
NASDAQ,OSIS
NASDAQ,QFIN
NYSE,MWA
NYSE,IRT
NASDAQ,TCBI
NYSE,HRI
NYSE,SHAK
NYSE,SIG
NYSE,TNL
NYSE,PAY
NASDAQ,VRRM
NYSE,GBTG
NASDAQ,VSAT
NYSE,CNO
NASDAQ,TMDX
NASDAQ,EBC
NYSE,HGV
NYSE,UCB
NASDAQ,PLXS
AMEX,UUUU
NYSE,ALE
NYSE,MHO
NASDAQ,AKRO
NYSE,SKT
NYSE,HNGE
NYSE,LMND
NYSE,RH
NYSE,NHI
NYSE,HASI
NYSE,PBF
NYSE,PL
NASDAQ,WSC
NASDAQ,MLCO
NYSE,GNW
NYSE,CXT
NYSE,SNDR
NASDAQ,PAGP
NASDAQ,ADMA
NASDAQ,SRRK
NYSE,ZGN
NASDAQ,CARG
NASDAQ,PSMT
NASDAQ,USLM
NASDAQ,TFSL
NYSE,VIA
NYSE,DNP
NYSE,ATMU
NASDAQ,HWKN
NYSE,KFY
NYSE,AGX
NASDAQ,GTM
NYSE,CWK
NASDAQ,GBDC
NASDAQ,EEFT
NYSE,AAP
NASDAQ,MIRM
NYSE,CVI
NYSE,BRC
NASDAQ,CLSK
NASDAQ,VEON
NASDAQ,FRSH
NASDAQ,NOVT
AMEX,SEB
NASDAQ,TENB
NYSE,VAL
NYSE,FBP
NYSE,ATHM
NYSE,MDU
NYSE,KAI
NASDAQ,NWE
NASDAQ,TBBK
NYSE,ITGR
NASDAQ,AMBA
NYSE,RNST
NASDAQ,ACAD
NASDAQ,NSIT
NYSE,APAM
NASDAQ,INDB
NYSE,GFF
NASDAQ,POWL
NASDAQ,BRZE
NASDAQ,EXPO
NYSE,HOG
NASDAQ,HUT
NYSE,COTY
NASDAQ,PTON
NASDAQ,FIZZ
NYSE,HTGC
NASDAQ,ALHC
NYSE,RHI
NYSE,COLD
NASDAQ,INTA
NASDAQ,OTTR
NASDAQ,SLNO
NASDAQ,PATK
NASDAQ,LNTH
NASDAQ,BTDR
NASDAQ,ETOR
NASDAQ,FULT
NYSE,BNL
AMEX,UTG
NASDAQ,FIBK
NASDAQ,COMM
NYSE,TPC
NASDAQ,ODD
NASDAQ,VSEC
NYSE,TEX
NASDAQ,IPGP
NASDAQ,BWIN
NYSE,CNS
NYSE,HIW
NYSE,NVST
NYSE,NEA
NASDAQ,RELY
AMEX,NG
NYSE,MIAX
NASDAQ,WGS
NYSE,WRBY
NYSE,AHL
NASDAQ,VC
NASDAQ,CATY
NASDAQ,NMRK
NYSE,HCC
NYSE,AZZ
NASDAQ,LGND
NASDAQ,ASO
NYSE,WHD
NYSE,PII
NYSE,PAGS
NYSE,CNK
NYSE,TNET
NYSE,ASAN
NYSE,TR
NASDAQ,BL
NYSE,MATX
NYSE,WNS
NYSE,TGNA
NYSE,ARX
NYSE,KMPR
NASDAQ,AVPT
NASDAQ,IPAR
NYSE,BRSL
NASDAQ,NCNO
NYSE,KGS
NYSE,SMG
NYSE,GENI
NASDAQ,QUBT
NYSE,HAYW
NYSE,BXMT
NASDAQ,NAMS
NYSE,DOCN
NYSE,TGLS
NASDAQ,BHF
NYSE,SM
NYSE,CPK
NYSE,CBU
NASDAQ,MGNI
NASDAQ,ARLP
NYSE,GRBK
NYSE,PRM
NYSE,FUL
NYSE,GPOR
NASDAQ,FHB
NYSE,AIR
NASDAQ,CNTA
NASDAQ,BLKB
NASDAQ,PCH
NASDAQ,SBET
NASDAQ,RUM
NASDAQ,WSBC
NASDAQ,MLYS
NYSE,PBH
NASDAQ,CHA
NYSE,OUT
NASDAQ,PLMR
NYSE,CIVI
NASDAQ,WSFS
NASDAQ,MYRG
NASDAQ,SIMO
NASDAQ,CSQ
NASDAQ,ACLS
NASDAQ,AMRX
NYSE,BKE
NASDAQ,MCHB
NYSE,CAAP
NYSE,AVA
NYSE,ENVA
NASDAQ,NMIH
NASDAQ,MGEE
NYSE,AEO
NYSE,RLX
NYSE,GRND
NYSE,FBK
NYSE,TBBB
NYSE,UNF
NYSE,RIG
NASDAQ,JOYY
NYSE,AVNT
NASDAQ,CNXC
OTC,ALTB
NYSE,KAR
NASDAQ,INDV
NYSE,BTU
NASDAQ,QURE
NYSE,USAC
NYSE,GEO
NYSE,MPW
NYSE,TPH
NYSE,PRGO
NYSE,STNG
NASDAQ,DAVE
NASDAQ,PRVA
OTC,PROCF
NASDAQ,AGYS
NASDAQ,ICUI
NASDAQ,XENE
NASDAQ,LIVN
NASDAQ,MGRC
NYSE,TIC
NASDAQ,VNET
NYSE,BKU
NASDAQ,WRD
NASDAQ,PENN
NASDAQ,TOWN
NYSE,EE
NASDAQ,COLM
NYSE,BCC
NASDAQ,VKTX
NYSE,GEF
NYSE,JPC
NASDAQ,SEZL
NASDAQ,CGON
NYSE,NATL
NYSE,JOE
NASDAQ,DGNX
NASDAQ,SFNC
NYSE,APLE
NYSE,TDW
NYSE,PRKS
NYSE,WD
NYSE,CBZ
NASDAQ,XMTR
NYSE,BSM
NASDAQ,IMVT
NASDAQ,EOSE
NASDAQ,APLS
NASDAQ,GSHD
NASDAQ,IAC
NASDAQ,PLUG
NYSE,ABM
NASDAQ,RARE
NASDAQ,SGRY
NASDAQ,GEMI
NYSE,YETI
NASDAQ,RNW
NYSE,AWR
NYSE,REVG
NYSE,RNG
NYSE,BFH
NASDAQ,GTX
NASDAQ,HTFL
NASDAQ,KYIV
NYSE,OLN
NYSE,EXG
NASDAQ,CAKE
NASDAQ,VIAV
NYSE,NAD
NYSE,CWT
NASDAQ,FORM
NYSE,C%2FPN
NYSE,WOR
NYSE,TTAM
NASDAQ,KNSA
NYSE,NOG
NYSE,FLO
NASDAQ,WDFC
NASDAQ,EXTR
NASDAQ,SYNA
NASDAQ,SBCF
NYSE,SEI
NYSE,LXP
NASDAQ,FA
NASDAQ,ALKT
NASDAQ,CVBF
NYSE,CON
AMEX,PRK
NYSE,MANU
NYSE,OGN
NASDAQ,PGY
NASDAQ,AMSC
NASDAQ,DRVN
NASDAQ,SUPN
NYSE,AKR
NASDAQ,ALRM
NASDAQ,VCYT
NYSE,DAN
NYSE,BANC
NYSE,ADX
NYSE,MH
NYSE,NVG
NYSE,BOH
NASDAQ,CENX
NYSE,DEI
NASDAQ,TMC
NASDAQ,BATRA
NYSE,OII
NYSE,WU
NYSE,PFS
NYSE,SAH
NYSE,GLOB
NYSE,FCPT
NASDAQ,FOLD
NASDAQ,UPWK
NASDAQ,WBTN
NASDAQ,IQ
NASDAQ,HURN
NYSE,UE
NASDAQ,ALVO
NYSE,DXC
NYSE,BBAI
NASDAQ,XRAY
NYSE,CRGY
NYSE,ETY
NASDAQ,SMPL
NYSE,CLVT
NYSE,MTRN
NASDAQ,FFBC
NASDAQ,FORD
NASDAQ,DIOD
NYSE,SXI
NASDAQ,ONDS
NASDAQ,SHOO
NYSE,RXO
NYSE,HG
NASDAQ,WAFD
NYSE,DKL
NASDAQ,TRMK
NYSE,HCI
NYSE,DFH
NYSE,LU
OTC,PLWN
NASDAQ,ACMR
NASDAQ,FRPT
NYSE,GOF
NASDAQ,MRX
NYSE,VAC
NYSE,NZF
NYSE,GDV
NASDAQ,SPNS
NASDAQ,PRDO
NASDAQ,MQ
NASDAQ,IBRX
NASDAQ,GCMG
NASDAQ,CPRX
NASDAQ,PSIX
NASDAQ,CHEF
NASDAQ,TARS
NYSE,CURB
NYSE,CPRI
NYSE,AMBP
NASDAQ,IDYA
NYSE,CC
NYSE,UTF
NASDAQ,SEDG
NYSE,SAM
NYSE,ALG
NYSE,HBI
NYSE,INSW
NASDAQ,PCT
NASDAQ,BEAM
NYSE,HAE
NASDAQ,PAX
NYSE,KWR
NYSE,ABR
NYSE,CXW
NYSE,LCII
NYSE,PK
NYSE,AI
NASDAQ,PINC
NASDAQ,CDTX
NASDAQ,APPN
NYSE,INSP
NYSE,CUBI
NASDAQ,BLTE
NASDAQ,PAYO
NASDAQ,IRON
NASDAQ,APGE
NASDAQ,COCO
NYSE,TRN
NYSE,WWW
NASDAQ,ACHC
NASDAQ,AGIO
NYSE,PHIN
NASDAQ,EYE
NASDAQ,TVTX
NASDAQ,BANR
NYSE,HP
NYSE,IVT
NASDAQ,GT
NASDAQ,INOD
NASDAQ,POWI
NYSE,DBRG
NYSE,ASH
NASDAQ,NBTB
NASDAQ,OSW
NYSE,IHS
NASDAQ,ATEC
NYSE,FUN
NASDAQ,SBLK
NASDAQ,FRME
NASDAQ,FBNC
NYSE,KEN
NASDAQ,VICR
NYSE,EVTC
NASDAQ,OCUL
NASDAQ,ETNB
NASDAQ,EFSC
NASDAQ,FLNC
NYSE,PACS
NYSE,EPAC
NASDAQ,NWL
NASDAQ,ADUS
NASDAQ,PTRN
NYSE,MSGE
NASDAQ,PTEN
NYSE,TSLX
NASDAQ,CELC
NYSE,HTH
NYSE,CSTM
NYSE,SPNT
NASDAQ,BUSE
NASDAQ,KLIC
NYSE,SVV
NYSE,WLY
NYSE,SPHR
NYSE,AMR
NASDAQ,HUBG
NYSE,HNI
NYSE,UA
NASDAQ,LFST
NYSE,KYN
NASDAQ,ARQT
NASDAQ,HTZ
NYSE,VSCO
NASDAQ,SYBT
NYSE,TDC
NYSE,ASGN
NASDAQ,NN
NYSE,STC
AMEX,CLM
NASDAQ,AVDX
NASDAQ,EVCM
NYSE,LBRT
NYSE,DBD
AMEX,ESBA
NASDAQ,QMMM
NASDAQ,RXRX
NYSE,ATKR
NYSE,WT
NASDAQ,PSNY
NASDAQ,DNLI
NASDAQ,PRCT
NYSE,BBT
NYSE,VSH
NYSE,GEL
NASDAQ,STRA
NYSE,BKV
NYSE,LION
NYSE,OI
NASDAQ,ANIP
NASDAQ,ADPT
NYSE,NGVT
NYSE,KN
NYSE,ADNT
NYSE,NOMD
NYSE,NIC
NASDAQ,TRIP
NYSE,OFG
NYSE,YELP
NASDAQ,ENVX
NYSE,BKD
NASDAQ,COGT
NYSE,DHT
NYSE,DK
NYSE,SOC
NASDAQ,LZ
NYSE,SCS
AMEX,NHC
NYSE,MTX
NYSE,SDRL
NYSE,DV
NASDAQ,CCOI
NYSE,PBI
NASDAQ,FIVN
NYSE,AORT
NYSE,HE
NASDAQ,IOSP
NASDAQ,QDEL
NASDAQ,CENT
NYSE,RVT
NYSE,CXM
NYSE,COUR
NYSE,UNFI
NASDAQ,DXPE
NYSE,FINV
NASDAQ,MCRI
NASDAQ,METC
NASDAQ,PLUS
NASDAQ,LMAT
NASDAQ,SKWD
NYSE,XIFR
NYSE,LC
NYSE,ARDT
NASDAQ,CERT
NYSE,DQ
NASDAQ,VITL
NYSE,PARR
NYSE,GAB
NYSE,USA
NASDAQ,TRUP
NASDAQ,SLDE
NASDAQ,LQDA
NASDAQ,CSGS
NASDAQ,PWP
NASDAQ,IRDM
NYSE,NUV
NYSE,CCS
NASDAQ,DYN
NYSE,CTRI
NASDAQ,BGM
NYSE,HMN
NYSE,NSP
NASDAQ,JJSF
NASDAQ,ROCK
NASDAQ,NTCT
NASDAQ,VBTX
NASDAQ,SONO
NYSE,RAMP
NASDAQ,PGNY
NASDAQ,NEXT
NYSE,AGM
NASDAQ,ADEA
NYSE,FIHL
NASDAQ,BLBD
NASDAQ,CHCO
NYSE,AMRC
NYSE,HI
NYSE,SHO
NASDAQ,NWBI
NASDAQ,JBLU
NYSE,NWN
NASDAQ,AVAH
NYSE,NTB
NYSE,FCF
NYSE,KSS
NASDAQ,HLMN
NASDAQ,PRGS
NYSE,TNK
NASDAQ,TIGR
NYSE,EVT
NYSE,WMK
NASDAQ,LUNR
NYSE,GNL
NASDAQ,VERA
NASDAQ,GRAL
NASDAQ,VECO
NASDAQ,SRPT
NYSE,TALO
NYSE,MAN
NASDAQ,WINA
NASDAQ,CCB
NASDAQ,PRCH
NYSE,ARLO
NYSE,ENR
NYSE,TPB
NYSE,STEW
NASDAQ,BELFA
NASDAQ,MCW
NYSE,TY
NASDAQ,WEN
NYSE,IMAX
NYSE,ALIT
NYSE,AAMI
NASDAQ,NTLA
NASDAQ,KARO
NASDAQ,ATRC
NYSE,HLIO
NASDAQ,HROW
NASDAQ,LGN
NYSE,VYX
NYSE,MODG
NASDAQ,EXPI
NASDAQ,CECO
NYSE,SLVM
NYSE,VVX
NASDAQ,CLDX
NYSE,UTI
NYSE,MBC
NASDAQ,CASH
NYSE,NTST
NASDAQ,AUPH
NYSE,SHCO
NYSE,VOYG
NYSE,UTZ
NASDAQ,ICFI
NYSE,ENOV
NASDAQ,IMCR
NASDAQ,HTO
NYSE,GLP
NASDAQ,IAS
NYSE,KRP
NASDAQ,MNKD
NASDAQ,EWTX
NASDAQ,USAR
NYSE,LTC
NYSE,CWH
NASDAQ,OPRA
NYSE,DAC
NYSE,FDP
NYSE,ACVA
NYSE,ZIM
NASDAQ,LKFN
NASDAQ,LILA
NYSE,DRH
NASDAQ,FLYW
NYSE,RQI
NYSE,DNOW
NASDAQ,TILE
NYSE,LOB
NASDAQ,VRDN
NYSE,GRDN
NYSE,ETV
NYSE,ARR
NASDAQ,CLOV
NYSE,BLX
NASDAQ,NNE
NASDAQ,OXLC
NYSE,NAC
NYSE,NMAX
NASDAQ,CLMT
NASDAQ,TWST
NYSE,PAR
NASDAQ,OUST
NASDAQ,AAOI
NASDAQ,CLBK
NASDAQ,BCRX
NASDAQ,TASK
NYSE,KMT
AMEX,IE
NYSE,ETG
NYSE,BDJ
NYSE,BHVN
NASDAQ,HRMY
NASDAQ,ATRO
NYSE,SBH
NYSE,AIN
NYSE,IDT
NASDAQ,CNXN
NYSE,MNR
NASDAQ,PAHC
NYSE,DX
NASDAQ,WERN
NYSE,RVLV
NYSE,SEM
NYSE,STEL
NASDAQ,TRS
NYSE,HUN
NASDAQ,ARCB
NYSE,BSTZ
NASDAQ,GO
NYSE,CYD
NASDAQ,ASST
NASDAQ,AMLX
NASDAQ,PHVS
NASDAQ,SRCE
NASDAQ,PZZA
NASDAQ,NSSC
NYSE,WS
NYSE,LAC
NASDAQ,CMPR
NYSE,IIPR
NASDAQ,VCEL
NYSE,TUYA
NASDAQ,TWFG
NYSE,LNN
NYSE,NABL
NASDAQ,ZD
NYSE,GTY
NASDAQ,AMPL
NYSE,PD
NYSE,CMRE
NASDAQ,GABC
NASDAQ,ARHS
NASDAQ,JAMF
AMEX,CET
NYSE,NBHC
NASDAQ,UFPT
NASDAQ,HIMX
NASDAQ,AVDL
NYSE,TNC
NYSE,ELME
NYSE,AMC
NASDAQ,ASTH
NYSE,BXMX
NYSE,CDRE
NASDAQ,UNIT
NYSE,AESI
NYSE,MLNK
NASDAQ,MBIN
OTC,CBCY
NASDAQ,STBA
NYSE,MSDL
NYSE,XPRO
NASDAQ,DNTH
NASDAQ,TCBK
NYSE,ARIS
NYSE,WKC
NASDAQ,TXG
NYSE,SMA
NYSE,ARCO
NYSE,LADR
NASDAQ,LASR
NYSE,BTT
NYSE,ROG
NYSE,FLOC
NASDAQ,RZLV
NYSE,GAM
NYSE,TDOC
NASDAQ,NVCR
NYSE,PGRE
NASDAQ,GPCR
NYSE,FUBO
NYSE,LZB
NASDAQ,ROOT
NYSE,GBX
NYSE,CNMD
NYSE,ARI
NASDAQ,SDGR
NYSE,BST
NYSE,MD
NASDAQ,ABCL
NYSE,PHR
NASDAQ,UPBD
NYSE,DFIN
NYSE,LUCK
NASDAQ,WLDN
NASDAQ,OMCL
NYSE,GIC
NASDAQ,EVGO
NASDAQ,GDRX
NASDAQ,MXL
NASDAQ,AFYA
NYSE,UVV
NYSE,CTOS
NASDAQ,STGW
NASDAQ,JANX
NASDAQ,HOPE
NYSE,DCO
NYSE,JMIA
NYSE,JBI
NASDAQ,ANDE
NASDAQ,NVAX
NYSE,BHE
NYSE,SILA
NYSE,UP
NYSE,NMM
NASDAQ,FBYD
NASDAQ,DGII
NYSE,XHR
NYSE,VRE
NASDAQ,PENG
NASDAQ,NVTS
NASDAQ,PLAB
NYSE,AMPX
NYSE,NRP
NYSE,RCUS
NYSE,PEB
NYSE,DSL
NASDAQ,PLTK
NASDAQ,CRAI
NASDAQ,SNDX
NYSE,JBGS
NYSE,FLNG
NASDAQ,DSGR
NYSE,WTTR
NYSE,FOR
NASDAQ,ARDX
NASDAQ,DCOM
NASDAQ,CRCT
NYSE,LPG
NASDAQ,QQQX
NYSE,ALEX
NASDAQ,STOK
NASDAQ,STAA
NYSE,ATEN
NASDAQ,XERS
NYSE,PRG
NASDAQ,EVLV
NYSE,EFC
NASDAQ,OMDA
NASDAQ,AZTA
NASDAQ,CCEC
NASDAQ,SUPX
NASDAQ,QCRH
NYSE,BY
NASDAQ,LOT
NASDAQ,EH
NYSE,ESRT
NYSE,SPB
NYSE,VRTS
NYSE,INVX
NASDAQ,CRTO
NASDAQ,TLRY
NASDAQ,VMEO
NASDAQ,RBCAA
NASDAQ,SHLS
NASDAQ,SION
NASDAQ,IMKTA
OTC,FRBP
NASDAQ,NAVI
NASDAQ,WABC
NYSE,WSR
NYSE,RDW
NASDAQ,CNOB
NYSE,USPH
NASDAQ,ARRY
NYSE,MNTN
NYSE,BV
NASDAQ,MVST
NASDAQ,ZYME
NASDAQ,KALU
NASDAQ,MFH
NASDAQ,RPD
NYSE,EOS
NYSE,FSLY
NASDAQ,KMTS
NYSE,DOLE
NYSE,UMH
NASDAQ,AMPH
NYSE,MRC
NASDAQ,CSWC
NYSE,GSBD
NYSE,GHLD
NYSE,AAT
NASDAQ,DMLP
NYSE,PX
NASDAQ,NEOG
NASDAQ,MLKN
NYSE,PRA
NYSE,NFJ
NASDAQ,TRML
NASDAQ,RAPP
NASDAQ,PFBC
NASDAQ,BFC
NASDAQ,VRNT
NYSE,TFIN
NASDAQ,GOGO
NASDAQ,BRCB
NYSE,SPH
NASDAQ,UCTT
NASDAQ,CVAC
NYSE,GRC
NYSE,JKS
NYSE,NMZ
NYSE,PRLB
NASDAQ,AHCO
NYSE,ALX
NASDAQ,LGIH
NASDAQ,LENZ
NYSE,SBR
NASDAQ,RCAT
NASDAQ,PLSE
NASDAQ,REAL
NASDAQ,INVA
NYSE,YALA
NYSE,LEG
NASDAQ,ELVN
NASDAQ,HCSG
NASDAQ,MAZE
NASDAQ,BLFS
NASDAQ,MOMO
NYSE,FPF
AMEX,EVV
NYSE,HOUS
NYSE,EVEX
NYSE,MMI
NASDAQ,ABTC
NYSE,CTS
NYSE,KW
NASDAQ,GIII
NASDAQ,OPK
NASDAQ,OCSL
NASDAQ,BBSI
NASDAQ,RDWR
NASDAQ,DVAX
NASDAQ,HLIT
NASDAQ,EZPW
NYSE,GSL
OTC,IDWM
NASDAQ,TDUP
NASDAQ,PCRX
NASDAQ,ESTA
NYSE,DAO
NYSE,RLJ
NASDAQ,ATAI
NASDAQ,TRIN
NYSE,SAFE
NASDAQ,MFIC
NASDAQ,ULCC
NASDAQ,GCT
NYSE,AMTD
NASDAQ,FSUN
NASDAQ,NKTR
NASDAQ,ALGT
NYSE,ATUS
NYSE,NVGS
NYSE,CIM
NYSE,OBK
NASDAQ,PRAX
NYSE,PRO
NYSE,SEMR
NYSE,AIV
NYSE,NUVB
NYSE,EMO
NYSE,PDM
NASDAQ,ASTE
NYSE,VTOL
NASDAQ,PEBO
NASDAQ,COLL
NASDAQ,WVE
NYSE,JFR
NASDAQ,LMB
NASDAQ,ORIC
OTC,CMRF
NASDAQ,SSII
NYSE,FIGS
NASDAQ,THRM
NYSE,RES
OTC,FSEN
NYSE,YEXT
NYSE,SCL
NASDAQ,TRVI
NASDAQ,DHC
NYSE,CRI
NYSE,RNP
NYSE,PMT
NASDAQ,SAFT
NASDAQ,UDMY
NASDAQ,IGIC
NYSE,OPFI
NYSE,EVH
NASDAQ,FOXF
NASDAQ,PGEN
NASDAQ,TBLA
NYSE,DEA
NYSE,RERE
NASDAQ,INMD
NYSE,LDI
NASDAQ,IIIV
NYSE,PRSU
NASDAQ,NMFC
NASDAQ,PDFS
NYSE,ORC
NASDAQ,SBGI
NYSE,REX
NASDAQ,HSII
NASDAQ,IART
NASDAQ,OCFC
NASDAQ,MDXG
NYSE,CNNE
NYSE,TWO
NASDAQ,NEO
NASDAQ,CTBI
NYSE,HLX
NYSE,BTZ
NASDAQ,DAKT
NYSE,SFL
NASDAQ,NESR
NASDAQ,GLIBA
NYSE,EEX
NASDAQ,CBRL
NASDAQ,AMWD
NYSE,MUC
NYSE,BBN
NASDAQ,IMNM
NYSE,MTAL
NYSE,ECVT
NASDAQ,ECPG
NASDAQ,WRLD
NYSE,BH
NASDAQ,JCAP
NYSE,HPP
NYSE,EIG
AMEX,TMP
NYSE,PLYM
NYSE,NVRI
NASDAQ,SSYS
NYSE,AOD
NYSE,MFA
NYSE,CSR
NASDAQ,AEBI
NASDAQ,PLPC
NASDAQ,SYRE
NASDAQ,WOOF
NYSE,MEG
OTC,KUBR
NASDAQ,FWRG
NYSE,KBDC
NASDAQ,APOG
NYSE,BLND
NYSE,PML
NASDAQ,ASPI
NASDAQ,SPRY
NASDAQ,SCSC
NYSE,WGO
NYSE,AWF
NASDAQ,MSEX
NYSE,SG
NASDAQ,AHG
NASDAQ,WLFC
NASDAQ,OCS
NASDAQ,TREE
NYSE,ETW
NYSE,UAN
NASDAQ,COHU
NASDAQ,ATLC
NYSE,ACEL
NASDAQ,EYPT
NYSE,LVWR
NYSE,HQH
NYSE,BBW
NYSE,NPKI
NASDAQ,CGBD
NASDAQ,TNGX
NASDAQ,BTBT
AMEX,CRF
NASDAQ,REAX
NYSE,BBDC
NASDAQ,BHRB
NYSE,ASIC
NYSE,CABO
NYSE,CBL
NASDAQ,IMTX
NYSE,ECO
NYSE,VTS
NYSE,BCSF
NASDAQ,SIFY
NASDAQ,FMBH
NYSE,FVRR
NASDAQ,UPB
OTC,CPPTL
NASDAQ,QNST
NYSE,CII
NYSE,FBRT
NASDAQ,OSBC
NASDAQ,LX
NASDAQ,BBOT
NASDAQ,YB
NASDAQ,GRPN
NYSE,EPC
NASDAQ,HPK
NYSE,HLF
NASDAQ,PRME
OTC,WPFHD
NYSE,PFLT
NASDAQ,OLPX
OTC,FBAK
NASDAQ,AEHR
NYSE,SMP
NASDAQ,HEPS
NASDAQ,CRSR
NASDAQ,GHRS
NASDAQ,XPEL
NYSE,BOW
NASDAQ,IRMD
NASDAQ,RLAY
OTC,FMBL
NYSE,HIPO
NASDAQ,TSHA
NASDAQ,TH
NASDAQ,ESQ
NASDAQ,CHY
NYSE,NRK
NASDAQ,UVSP
NASDAQ,CRMD
NYSE,THR
NASDAQ,PNTG
NYSE,DLX
NASDAQ,SWIM
NASDAQ,MRTN
OTC,PAKTY
NYSE,SBSI
NASDAQ,SKYT
NYSE,GES
NASDAQ,INDI
NASDAQ,CSIQ
NASDAQ,SANA
NASDAQ,HSTM
NASDAQ,WYFI
NASDAQ,EVER
NYSE,NGVC
NYSE,PBT
NYSE,HTD
NYSE,KOS
NYSE,PCN
NASDAQ,AOSL
NASDAQ,AEVA
NASDAQ,LQDT
NYSE,EOI
NASDAQ,AVO
NASDAQ,BBNX
NASDAQ,CFFN
NASDAQ,NTGR
NASDAQ,URGN
NASDAQ,RZLT
NYSE,CTEV
NASDAQ,ZBIO
NASDAQ,ABUS
NYSE,ODC
NYSE,YSG
NASDAQ,HFWA
NASDAQ,SLRC
NASDAQ,ODP
NYSE,MUX
NYSE,PHK
NYSE,ASA
NYSE,MQY
NYSE,MSC
NYSE,INR
NASDAQ,NEGG
NASDAQ,NRDS
NASDAQ,PHAT
NASDAQ,KOD
NYSE,GETY
NASDAQ,AMAL
NYSE,AMTB
NASDAQ,AMSF
NYSE,UTL
NASDAQ,CHI
NASDAQ,HBNC
NYSE,AIO
NYSE,CPF
AMEX,EXOD
NASDAQ,SPT
NASDAQ,XNCR
NYSE,NXDR
NASDAQ,HNRG
NYSE,THS
NASDAQ,GERN
NASDAQ,FWRD
NYSE,KLC
NASDAQ,NBN
NYSE,MAX
NYSE,CAPL
NYSE,NXRT
NASDAQ,ERII
NASDAQ,EMBC
NASDAQ,MNMD
NASDAQ,TNDM
NASDAQ,BETR
NYSE,CMP
OTC,SPLP
NASDAQ,HBT
NYSE,FFC
OTC,WTBFA
NYSE,NPK
NYSE,AGRO
AMEX,UAMY
NASDAQ,GSM
NASDAQ,GLDD
NYSE,BCX
AMEX,GGN
NYSE,OPY
NYSE,MCB
NYSE,NGL
NASDAQ,CDNA
NYSE,SMWB
OTC,MDRX
NASDAQ,AXGN
NYSE,EQBK
NASDAQ,FTRE
NYSE,NOAH
NYSE,GNK
NYSE,GDOT
NYSE,VTEX
NASDAQ,KURA
NYSE,TTI
NASDAQ,UFCS
NYSE,TXO
NYSE,ECC
NYSE,BORR
NYSE,GOTU
NYSE,BFS
NASDAQ,NAGE
NASDAQ,SEPN
OTC,PHIG
NASDAQ,ECX
NASDAQ,CTLP
NYSE,HRTG
NYSE,IBTA
NYSE,SKYH
NASDAQ,IOVA
NASDAQ,VIR
NYSE,IGR
NYSE,PSFE
NYSE,BDN
NYSE,GRNT
NASDAQ,HAFC
NYSE,RSKD
NASDAQ,GILT
NYSE,CARS
NASDAQ,KRUS
NYSE,HUYA
NASDAQ,CCCXU
NYSE,IIIN
NYSE,SSTK
NASDAQ,MBWM
NASDAQ,AVXL
NYSE,ETD
NYSE,RWT
NASDAQ,ADTN
NYSE,TYG
NASDAQ,ANGI
NASDAQ,ALNT
OTC,FMCB
NASDAQ,MATW
OTC,ELTP
NYSE,RA
NYSE,UVE
NYSE,WLKP
NYSE,QD
NASDAQ,JBSS
NYSE,HTB
NASDAQ,MAAS
NYSE,CCO
NASDAQ,ORKA
NASDAQ,CCNE
NYSE,AXL
NYSE,BRSP
NASDAQ,SENEA
NASDAQ,PROK
NASDAQ,MCBS
NYSE,RYI
NYSE,HOV
NASDAQ,AVBP
NASDAQ,SHEN
NYSE,MYI
NYSE,BZH
NASDAQ,RDVT
NASDAQ,CCBG
NASDAQ,AKBA
NYSE,ACP
NASDAQ,BWMN
NYSE,PLOW
NASDAQ,LINC
NASDAQ,AQST
NASDAQ,KE
NASDAQ,LYTS
NASDAQ,UXIN
NYSE,AMN
NYSE,TK
NASDAQ,MRVI
NASDAQ,BFST
NYSE,NCDL
NASDAQ,MYGN
NASDAQ,TIPT
NASDAQ,FDUS
NYSE,CANG
NYSE,MTUS
NYSE,VEL
NYSE,BTO
NASDAQ,TRST
NYSE,VTLE
NASDAQ,LIND
NYSE,LUXE
NASDAQ,TBPH
OTC,SBNC
NYSE,CSV
OTC,HKHC
NASDAQ,GSBC
NYSE,JQC
AMEX,CMCL
OTC,HBIA
OTC,ACGP
NYSE,PFN
NYSE,THQ
NYSE,WDH
NASDAQ,FSBC
NYSE,RGR
NASDAQ,HBNB
NASDAQ,SERV
NYSE,BKSY
NASDAQ,ITRN
NASDAQ,APEI
NASDAQ,DGICA
NASDAQ,SABR
NYSE,SXC
NASDAQ,DAWN
NYSE,CINT
NASDAQ,SCHL
NASDAQ,AIOT
NASDAQ,FLGT
NASDAQ,TYRA
NYSE,AHH
NYSE,TEN
OTC,FAVO
NASDAQ,TRNS
NYSE,RC
NASDAQ,THFF
NYSE,INN
NASDAQ,NRIX
NYSE,DNA
NYSE,SES
OTC,QDMID
NYSE,NAT
NYSE,TRTX
NASDAQ,GDYN
NYSE,NXP
NASDAQ,SLDP
NASDAQ,MPB
NASDAQ,ORRF
NASDAQ,CAC
AMEX,FAX
OTC,OTCM
NYSE,FPH
NASDAQ,VINP
NASDAQ,BJRI
NASDAQ,TERN
NASDAQ,PLAY
OTC,HWGG
NASDAQ,NBBK
NYSE,NPWR
NASDAQ,RBBN
OTC,SEMUF
NASDAQ,HTLD
NYSE,NEXA
AMEX,GROY
NASDAQ,ANAB
NYSE,KRO
NASDAQ,PVLA
NASDAQ,CSTL
NYSE,HY
NASDAQ,MGTX
NASDAQ,AMRK
NASDAQ,SIGA
NYSE,NBR
NYSE,BOE
NASDAQ,GOOD
NASDAQ,BMBL
NASDAQ,IBCP
NASDAQ,FCBC
NASDAQ,OLMA
NASDAQ,LEGH
NASDAQ,KROS
NASDAQ,INNV
NASDAQ,DOMO
NYSE,CPS
NASDAQ,GYRE
NYSE,VMO
NASDAQ,CMPX
NASDAQ,MBUU
AMEX,PMI
NYSE,MSIF
NYSE,TROX
NASDAQ,CRML
NYSE,ZEPP
NASDAQ,BCAX
AMEX,REPX
NASDAQ,ADSE
NASDAQ,DJCO
NASDAQ,SPFI
NASDAQ,ADAM
NASDAQ,EGBN
NYSE,NX
NASDAQ,RR
NYSE,LDP
NASDAQ,CEVA
NASDAQ,SNCY
NASDAQ,PRAA
NYSE,GTN
NASDAQ,KALV
NASDAQ,CLMB
NYSE,OXM
NYSE,MYE
NASDAQ,OSPN
NYSE,MATV
NYSE,SMBK
NASDAQ,PHLT
NYSE,GCI
NASDAQ,KRNT
NASDAQ,CLNE
NASDAQ,HTBK
NASDAQ,ULH
NASDAQ,BLMN
NYSE,NPB
NASDAQ,GOSS
NASDAQ,SMBC
NASDAQ,CLPT
NYSE,KREF
NASDAQ,ACDC
NYSE,MHD
NASDAQ,SFIX
NYSE,MUJ
NASDAQ,SVRA
NASDAQ,ARVN
NASDAQ,GDEN
NASDAQ,SIBN
NYSE,NUS
NASDAQ,GPRE
NASDAQ,AIRO
NASDAQ,ARCT
NYSE,STK
NASDAQ,CGNT
NASDAQ,NFE
NYSE,CLB
NASDAQ,SNDL
NASDAQ,AIIO
NYSE,ETJ
NASDAQ,NB
NYSE,NKX
NASDAQ,MOFG
NASDAQ,BEAG
NYSE,EMD
NASDAQ,FUFU
NASDAQ,HONE
NASDAQ,ICHR
OTC,MCEM
NASDAQ,ERAS
NASDAQ,CNCK
NYSE,PEO
NASDAQ,MBX
NASDAQ,SCVL
NYSE,GHM
NASDAQ,DNUT
NYSE,LXU
NYSE,BUI
NASDAQ,APPS
NYSE,IFN
NYSE,ASPN
NYSE,BXC
NYSE,IIM
NASDAQ,HELE
NYSE,RHLD
NASDAQ,GBFH
OTC,CHTH
NASDAQ,HIFS
NYSE,LAR
NASDAQ,ALRS
NYSE,PUMP
NYSE,DSU
NYSE,VSTS
NYSE,BIT
NASDAQ,ETON
NASDAQ,NUTX
OTC,RCBC
NASDAQ,ABL
NASDAQ,DH
NYSE,GNTY
NASDAQ,SHBI
NASDAQ,ACIC
NASDAQ,OFIX
NYSE,MMU
NASDAQ,CCCX
NYSE,HZO
NASDAQ,CCAP
NASDAQ,CCD
NYSE,XYF
NASDAQ,WASH
NASDAQ,PRTH
NYSE,KOP
NASDAQ,MNRO
NASDAQ,CWCO
NASDAQ,JFIN
NYSE,AVK
NASDAQ,CCSI
NASDAQ,ARQQ
OTC,THVB
NASDAQ,LTBR
AMEX,VENU
NYSE,KFRC
NASDAQ,FISI
NASDAQ,LAES
NASDAQ,CRVS
NASDAQ,BVS
NASDAQ,BCAL
NASDAQ,TRON
NYSE,AMBQ
NYSE,WEAV
NASDAQ,ZVRA
NASDAQ,FMNB
NASDAQ,VSTM
NASDAQ,TCBX
NYSE,AVNS
NASDAQ,IBEX
NYSE,RMT
OTC,EUBG
NYSE,VGM
NYSE,WIW
NASDAQ,CMPS
NYSE,BGB
NYSE,UHT
NYSE,CVLG
NASDAQ,ALTI
NYSE,BBBY
NYSE,BLW
NASDAQ,BLZE
NYSE,DIAX
NASDAQ,THRY
NYSE,EVTL
AMEX,EIM
NASDAQ,PSNL
NYSE,GUT
NASDAQ,DSP
NASDAQ,ESPR
NASDAQ,CASS
NYSE,BHK
NASDAQ,ZIMV
OTC,MUEL
NASDAQ,CBNK
NASDAQ,OTLY
NASDAQ,HCKT
NASDAQ,TCPC
NYSE,VKQ
NYSE,BALY
NYSE,BGY
OTC,RWWI
NASDAQ,BAND
NASDAQ,GAIN
NYSE,CRD.A
NASDAQ,XNET
NYSE,GHY
NYSE,CTO
NASDAQ,MGPI
AMEX,DC
NASDAQ,POET
NYSE,ASIX
NYSE,USNA
OTC,GAMI
NYSE,IQI
NYSE,VVR
NASDAQ,ORGO
NYSE,SNDA
NASDAQ,ARKO
AMEX,BHB
NASDAQ,ABAT
NASDAQ,CRNC
NASDAQ,RSVR
NASDAQ,TATT
NASDAQ,PBPB
NYSE,YRD
NYSE,KIO
NASDAQ,RIGL
NASDAQ,BCYC
NYSE,KODK
NASDAQ,LXRX
OTC,ALPIB
NASDAQ,ADV
NASDAQ,PRTA
NASDAQ,RMR
NYSE,ASC
NASDAQ,NWPX
OTC,BWEL
NYSE,BFLY
NYSE,CODI
NASDAQ,VLGEA
NASDAQ,FIP
NYSE,CION
NASDAQ,TLS
NASDAQ,UNTY
NASDAQ,TSSI
NASDAQ,VREX
AMEX,NML
NASDAQ,NFBK
OTC,AMBZ
NASDAQ,GEVO
NASDAQ,DMIIU
OTC,FNBT
NASDAQ,PGC
NASDAQ,LAB
NASDAQ,PFIS
NYSE,VCV
NASDAQ,GLAD
NASDAQ,ITIC
NASDAQ,KRT
NYSE,IVR
NYSE,BLE
NYSE,AUNA
NYSE,TWI
NYSE,NRGV
NYSE,HPS
NASDAQ,NRIM
NASDAQ,RGNX
NYSE,PCQ
AMEX,IDR
OTC,REEMF
NYSE,DAVA
NYSE,FPI
NYSE,THW
NASDAQ,SWIN
NYSE,PKST
NYSE,MYD
NYSE,MCS
NASDAQ,SLDB
NYSE,BWMX
NASDAQ,CTMX
NASDAQ,FULC
NYSE,PSTL
NASDAQ,CHW
NYSE,ISD
OTC,BROGF
NASDAQ,PTLO
NASDAQ,AROW
NYSE,EBS
NASDAQ,BYRN
NYSE,OLP
NYSE,CMTG
NYSE,EBF
NASDAQ,INBX
NYSE,FFWM
NASDAQ,MNPR
NASDAQ,QSG
NASDAQ,ANSC
OTC,WFHG
NASDAQ,BWB
NASDAQ,XRX
NASDAQ,EPSM
NASDAQ,FFIC
NASDAQ,GDEV
NYSE,DPG
NYSE,SB
NYSE,NBB
NASDAQ,FRPH
NYSE,IGD
NASDAQ,CVGW
NASDAQ,CEPF
NYSE,BME
NYSE,HKD
NYSE,SITC
NASDAQ,ACNB
NASDAQ,KELYA
OTC,FFMR
NYSE,EVAC
NASDAQ,CCRN
NASDAQ,TALK
NASDAQ,CLFD
NASDAQ,SOHU
NASDAQ,LWLG
NASDAQ,AIRS
NYSE,EQV
NYSE,AAM
NASDAQ,GLUE
NYSE,ZKH
NYSE,CAL
NASDAQ,DDI
NASDAQ,CYRX
NYSE,RYAM
NASDAQ,KDK
NYSE,HPI
NASDAQ,KIDS
NASDAQ,SVC
NYSE,FRA
NASDAQ,LE
NASDAQ,OCGN
NASDAQ,HOND
NASDAQ,MITK
NYSE,MLR
NYSE,AGL
NASDAQ,GRRR
AMEX,USBC
OTC,WCCB
NASDAQ,BSVN
NYSE,GMRE
NASDAQ,CNDT
OTC,FFPP
NYSE,OEC
NASDAQ,RPAY
NYSE,VHI
NASDAQ,CARE
NYSE,PACK
NASDAQ,GRVY
NASDAQ,RMNI
NASDAQ,NATH
NYSE,CYH
NYSE,ETO
NASDAQ,ALLT
NYSE,DFP
NYSE,EVN
NASDAQ,YORW
NASDAQ,XOMA
NYSE,EGY
NASDAQ,WEST
NASDAQ,GLRE
NYSE,WOW
NASDAQ,RRBI
NASDAQ,COFS
NYSE,ETB
NASDAQ,OPAL
NYSE,DDL
NYSE,NQP
NASDAQ,SBC
OTC,AERG
NASDAQ,HBCP
NYSE,FTK
NYSE,BFK
NASDAQ,RAPT
NYSE,PNNT
NASDAQ,LRMR
NASDAQ,NCMI
NASDAQ,ESEA
NASDAQ,ANGO
NYSE,NLOP
NYSE,JELD
NYSE,TRC
OTC,DSBX
NASDAQ,NAKA
NASDAQ,CTKB
NASDAQ,FBIZ
NASDAQ,LZMH
NYSE,AII
NASDAQ,SWBI
NASDAQ,MAMA
NYSE,HQL
NASDAQ,HDSN
NYSE,SD
NYSE,MUA
NASDAQ,SMLR
NYSE,NMAI
NYSE,GBLI
NASDAQ,SRDX
NASDAQ,KRNY
NYSE,VPG
NASDAQ,PERI
NYSE,CHCT
NASDAQ,ATGL
NYSE,FFA
OTC,DBIN
NYSE,LZM
NASDAQ,SRTA
NYSE,SMC
NASDAQ,IMXI
NASDAQ,ALMS
NASDAQ,TMCI
NYSE,KFS
NASDAQ,TONX
NASDAQ,CMCO
OTC,AONC
NYSE,WNC
NASDAQ,HNST
NASDAQ,CBLL
NYSE,IPI
NASDAQ,AUTL
NYSE,BKKT
NASDAQ,ASTL
AMEX,EAD
NASDAQ,FRBA
NASDAQ,AIP
NASDAQ,ETHZ
NYSE,BOC
NASDAQ,ATXS
NYSE,EHAB
NASDAQ,CMRC
NYSE,ADCT
NYSE,TCI
NASDAQ,LWAY
NYSE,GNE
NASDAQ,JOUT
NASDAQ,ABSI
NYSE,GBAB
NASDAQ,TTGT
NASDAQ,ATEX
NYSE,RM
AMEX,EVI
NYSE,XFLT
NASDAQ,CWBC
NASDAQ,BSRR
NYSE,ZIP
AMEX,FLYX
NASDAQ,BMRC
NASDAQ,BZAI
NASDAQ,CIVB
NASDAQ,TITN
NYSE,DDD
NYSE,LAW
AMEX,BRBS
NASDAQ,VSTA
NYSE,ANGX
NYSE,MVF
NASDAQ,ASLE
NASDAQ,ILPT
NASDAQ,SY
AMEX,UMAC
NYSE,MAGN
NASDAQ,DFDV
NASDAQ,FDMT
NASDAQ,TACO
NYSE,HLLY
AMEX,LCTX
NASDAQ,GCBC
NYSE,SGU
OTC,MCCK
NYSE,PSBD
NYSE,HIX
NYSE,SAR
NASDAQ,EOLS
NYSE,BRCC
AMEX,VKI
NYSE,LEO
NYSE,PKE
NASDAQ,MVIS
NYSE,JRI
OTC,FRMO
NYSE,MBI
OTC,EACO
NASDAQ,DHIL
NYSE,MSB
NASDAQ,ASMB
NASDAQ,PUBM
NASDAQ,KMDA
NASDAQ,AURA
NYSE,XPOF
NASDAQ,JACK
NASDAQ,KRRO
NASDAQ,GPAT
NYSE,FVR
NYSE,PFL
NYSE,SCM
NASDAQ,MSBI
OTC,NWBO
NYSE,TBN
NYSE,MYN
NASDAQ,ALTS
NASDAQ,DCTH
NYSE,MLP
NYSE,OIS
AMEX,SENS
NYSE,LXFR
NASDAQ,DSGN
NASDAQ,TSAT
NYSE,DIN
NASDAQ,CAN
NASDAQ,IHRT
NASDAQ,PDYN
NASDAQ,RWAY
NASDAQ,KOPN
NYSE,TE
NASDAQ,CDZI
NASDAQ,ANNX
NASDAQ,GTEN
NASDAQ,RXST
NASDAQ,SFST
NASDAQ,BBCP
NYSE,OMI
NASDAQ,GPRO
NASDAQ,ANPA
NYSE,SOR
OTC,OLVI
NASDAQ,VALU
NYSE,ACCO
NASDAQ,LXEO
AMEX,HYLN
NASDAQ,CHSCP
NASDAQ,THH
NYSE,HVT
OTC,NBBI
NYSE,SPIR
NASDAQ,PACB
NASDAQ,CARL
NYSE,HIO
NASDAQ,MTRX
NYSE,HPF
NASDAQ,NIU
NASDAQ,AMCX
NYSE,NGS
NASDAQ,FMAO
NASDAQ,BWFG
NASDAQ,BNTC
NASDAQ,SPOK
NASDAQ,DMAC
NASDAQ,EMPD
NYSE,EAF
OTC,CNND
NASDAQ,PDLB
NYSE,FOF
NYSE,HFRO
NASDAQ,MCFT
NASDAQ,MLAB
NYSE,EDD
NASDAQ,SATL
NYSE,MTW
NYSE,BGS
NYSE,NAN
NASDAQ,ALT
NASDAQ,WTBA
NASDAQ,CGEM
NASDAQ,RCKT
NYSE,ZTR
NYSE,GPRK
NASDAQ,USCB
NYSE,SPMC
NYSE,SLQT
NYSE,PPT
NASDAQ,API
NASDAQ,HCMAU
NYSE,RCS
NASDAQ,ANNA
NASDAQ,MBVIU
NASDAQ,VERI
NASDAQ,OPRX
NASDAQ,PANL
NASDAQ,DRTS
NASDAQ,IPCX
NASDAQ,NNDM
NASDAQ,GIG
NYSE,BGR
NASDAQ,LBRX
NASDAQ,ZEUS
NASDAQ,DMAA
NYSE,OOMA
NYSE,ORN
NASDAQ,AENT
NASDAQ,OBT
NASDAQ,ZUMZ
NYSE,FET
NASDAQ,AZ
NASDAQ,EM
NYSE,CLDT
NASDAQ,INVZ
NASDAQ,TVRD
NYSE,ASG
NASDAQ,LPTH
NYSE,CLW
OTC,PBAM
NYSE,TWN
NASDAQ,LSAK
NASDAQ,NPCE
NYSE,EIC
NASDAQ,ARTNA
NYSE,AWP
NYSE,NCV
NYSE,BRW
NASDAQ,IMRX
NASDAQ,BNC
NASDAQ,CTNM
NYSE,ARDC
NYSE,BNED
NASDAQ,RXT
OTC,CYDY
NASDAQ,AMRN
NASDAQ,ENGN
NASDAQ,MTLS
NASDAQ,TOI
NYSE,BGT
NASDAQ,VACH
NASDAQ,PBFS
NYSE,QUAD
NYSE,ONIT
NASDAQ,LAND
NASDAQ,RBB
NASDAQ,AACI
NASDAQ,GCL
NASDAQ,SDHI
NYSE,NC
NYSE,GCO
NASDAQ,BGL
NYSE,BFZ
NASDAQ,TKNO
NYSE,AGD
NYSE,MIY
NASDAQ,CAPR
NYSE,MPX
NASDAQ,SUIG
NASDAQ,REPL
NASDAQ,AMBR
NASDAQ,HYMC
NASDAQ,BCML
NASDAQ,MPAA
OTC,AMNF
NYSE,RFI
OTC,KCLI
NASDAQ,OFLX
NASDAQ,CDRO
NASDAQ,MVBF
NASDAQ,RITR
NASDAQ,ACTG
NYSE,RMAX
OTC,CUSI
NYSE,KNOP
NYSE,RNGR
NASDAQ,PAYS
NASDAQ,NVEC
NYSE,JGH
NYSE,BGH
OTC,PHCI
NASDAQ,ALEC
NASDAQ,AIRJ
NASDAQ,VCIC
NASDAQ,NPAC
OTC,CYFL
NASDAQ,NEWT
NASDAQ,BRY
NYSE,AFB
NYSE,EFT
NASDAQ,ALDF
NASDAQ,CCIX
NASDAQ,ALMU
NASDAQ,CURI
NYSE,TRAK
NASDAQ,WTF
NASDAQ,CZNC
NYSE,SPXX
NASDAQ,FSBW
NASDAQ,MREO
AMEX,CTGO
NYSE,CBAN
NYSE,CMDB
NASDAQ,RDAG
NASDAQ,TBRG
NASDAQ,TCMD
NASDAQ,UPXI
NASDAQ,EGHT
NASDAQ,NRC
NYSE,AVBC
NASDAQ,INV
NYSE,MHN
NASDAQ,ARQ
AMEX,NBH
NASDAQ,PLBC
NYSE,WTI
NYSE,XPER
NYSE,MG
NASDAQ,LFMD
NASDAQ,TBCH
NASDAQ,CADL
NASDAQ,PCB
NYSE,MIN
NASDAQ,ALDX
NASDAQ,ALF
NASDAQ,MBAV
NASDAQ,OMER
NASDAQ,FLWS
NASDAQ,WENN
OTC,UNTC
OTC,PDIV
NASDAQ,SCPH
NASDAQ,KFII
OTC,EXCE
NASDAQ,ATII
NASDAQ,LPAA
NASDAQ,QSI
NASDAQ,VNDA
NASDAQ,FNLC
NYSE,SEG
NASDAQ,LOCO
AMEX,BKTI
NASDAQ,PKOH
NASDAQ,SLP
AMEX,AREN
AMEX,CIX
NYSE,NL
NASDAQ,BCAR
NASDAQ,VFF
NYSE,BRT
NYSE,MOV
NASDAQ,WSBF
NASDAQ,CZFS
NASDAQ,SNWV
NASDAQ,FEIM
NYSE,PMO
NASDAQ,NECB
NASDAQ,CAEP
NASDAQ,FSTR
NYSE,OCFT
NASDAQ,GALT
NASDAQ,EDIT
NYSE,BW
NYSE,DSM
NASDAQ,GAMB
NYSE,TDF
AMEX,RLGT
NASDAQ,MASS
NASDAQ,TTSH
NYSE,NCA
NASDAQ,AVNW
NASDAQ,WEYS
NASDAQ,JMSB
OTC,MCAP
NASDAQ,III
NYSE,TEI
NYSE,CIA
NASDAQ,MNTK
NASDAQ,AARD
NASDAQ,TECX
NASDAQ,PNRG
NYSE,CVEO
NYSE,MXF
NYSE,UIS
NYSE,OIA
NASDAQ,SMTI
NASDAQ,ANTA
OTC,SNLC
NYSE,DBL
NASDAQ,NODK
NASDAQ,NMRA
NYSE,BYM
NASDAQ,OPRT
OTC,NLCP
NASDAQ,FINW
NASDAQ,ACIU
NYSE,MMD
NYSE,CIO
NASDAQ,MSGY
NASDAQ,NATR
NASDAQ,REFI
NASDAQ,TACH
NYSE,TG
NASDAQ,SOPH
NASDAQ,ABEO
NYSE,SJT
NASDAQ,STRT
NASDAQ,GWRS
NASDAQ,ALLO
NASDAQ,CGCT
OTC,SGLA
NASDAQ,JBIO
NASDAQ,CERS
NYSE,CAF
NYSE,COSO
NYSE,MEC
NASDAQ,IMAB
NASDAQ,AVBH
NASDAQ,WW
OTC,SCFR
NASDAQ,HUMA
NASDAQ,FHTX
NASDAQ,DENN
OTC,SCPJ
OTC,GLTK
NASDAQ,LNKB
NASDAQ,AUDC
NASDAQ,MKTW
NYSE,SCE%2FPG
NYSE,BKT
NYSE,SMRT
NASDAQ,LMNR
NYSE,DOUG
NYSE,SOUL
OTC,CSHX
NASDAQ,TNYA
OTC,RVRF
NASDAQ,TSBK
OTC,FGPR
AMEX,STXS
NYSE,MEI
NYSE,SBXD
NYSE,AEXA
NYSE,HYAC
NYSE,JACS
NASDAQ,RTAC
NYSE,ARL
NYSE,MCR
NASDAQ,WILC
AMEX,ERC
NYSE,HYI
NASDAQ,BACQ
NASDAQ,PCYO
NASDAQ,FRST
NYSE,PMM
NASDAQ,CCII
NASDAQ,KYTX
OTC,AAPI
NASDAQ,ONEW
NYSE,JILL
NYSE,JCE
NASDAQ,LFCR
AMEX,COE
NYSE,OPP
NYSE,ACRE
NASDAQ,RICK
NASDAQ,PKBK
NYSE,DXYZ
NASDAQ,HRZN
NASDAQ,OYSE
NASDAQ,PCAP
AMEX,VGZ
NASDAQ,VMD
NASDAQ,LPRO
NASDAQ,BRR
NYSE,EB
NYSE,EOT
NYSE,FCT
NYSE,MMT
NASDAQ,CEPT
NASDAQ,BLUW
NYSE,NCZ
NASDAQ,KCHV
NYSE,FCRS.U
NASDAQ,ISBA
NASDAQ,OM
OTC,MSBC
NYSE,SABA
AMEX,FTF
NASDAQ,PAMT
NASDAQ,ALCO
NYSE,RIV
NASDAQ,UFG
NASDAQ,FDBC
NASDAQ,CHMG
NASDAQ,JRVR
NASDAQ,HCMA
NYSE,ONTF
NASDAQ,CTRN
NYSE,FC
NASDAQ,FCEL
AMEX,AEF
NASDAQ,NGNE
NASDAQ,PMTR
OTC,FFBB
OTC,NTPIF
NYSE,IIF
NYSE,CHPT
NASDAQ,LOVE
OTC,NASB
NASDAQ,LIEN
AMEX,CATX
NASDAQ,PACH
NASDAQ,OBA
NASDAQ,FENC
NYSE,NUW
NASDAQ,MBCN
NASDAQ,VYGR
NASDAQ,CRMT
NASDAQ,FLXS
NASDAQ,SDA
NYSE,GHI
NASDAQ,WNEB
NYSE,NREF
AMEX,NEN
NASDAQ,SKIN
AMEX,OZ
NASDAQ,GASS
NYSE,CMCM
NASDAQ,POLE
NASDAQ,VNME
NYSE,FOA
NASDAQ,BLZRU
NASDAQ,WALD
NYSE,PSF
NASDAQ,FUNC
NYSE,EMF
OTC,ATCLF
NASDAQ,LYEL
NYSE,SI
NASDAQ,FUND
OTC,MBLU
NYSE,AMPY
NASDAQ,INSE
NASDAQ,OVLY
NASDAQ,MLAC
NYSE,ACV
NYSE,TVC
NASDAQ,GEOS
NASDAQ,UHG
NASDAQ,PBYI
NASDAQ,MFIN
OTC,BFCC
NASDAQ,FBLA
NYSE,BNY
NASDAQ,TRVG
AMEX,GRAF
NASDAQ,EGAN
NASDAQ,SIMA
NYSE,NRDY
NASDAQ,CUB
NASDAQ,STRZ
NASDAQ,QTRX
NASDAQ,BTM
NASDAQ,NWFL
NASDAQ,RNAC
NASDAQ,AACB
NYSE,EOD
AMEX,SLND
NASDAQ,FERA
NYSE,MITT
NASDAQ,MGRM
NASDAQ,LPBB
NYSE,TSI
NYSE,LANV
NASDAQ,TVA
NASDAQ,XGN
NASDAQ,NETD
NASDAQ,AFRI
NASDAQ,SSP
NASDAQ,OTGAU
NASDAQ,HVMCU
NASDAQ,FVCB
AMEX,ELLO
NASDAQ,ATNI
AMEX,HUSA
NASDAQ,DRDB
NASDAQ,NNOX
NASDAQ,CRAQ
NYSE,JENA
AMEX,REI
NASDAQ,VIOT
NASDAQ,AREC
NASDAQ,VUZI
NYSE,TPVG
NASDAQ,KLTR
NASDAQ,RGCO
AMEX,EVM
NASDAQ,TLSI
NASDAQ,LOKV
NASDAQ,TLNCU
NASDAQ,ETHM
OTC,NLST
NASDAQ,OSUR
NASDAQ,GSRT
NYSE,JRS
AMEX,NHS
NASDAQ,TWNP
NASDAQ,SLSN
AMEX,TGEN
NASDAQ,USAU
NASDAQ,SZZL
NASDAQ,AVIR
NASDAQ,OABI
NASDAQ,IMMR
NASDAQ,CHAC
NASDAQ,BZUN
NYSE,ALTG
OTC,TRUX
NASDAQ,VOR
NASDAQ,RDCM
NASDAQ,ISTR
NYSE,SRG
NASDAQ,TLSA
NASDAQ,MDXH
NASDAQ,KOYN
NASDAQ,MACI
NASDAQ,SGMT
NASDAQ,SNFCA
OTC,CRDE
NASDAQ,IRWD
NASDAQ,DOYU
NASDAQ,PVBC
AMEX,LEGT
NASDAQ,EFTY
NYSE,AOMR
NYSE,LGI
NASDAQ,ASUR
OTC,MFGI
NASDAQ,NHPAP
NASDAQ,LCNB
AMEX,VNTG
NASDAQ,FCCO
NYSE,GHG
NASDAQ,FLX
NASDAQ,INGN
NASDAQ,NXXT
NASDAQ,RCKY
NASDAQ,CFFI
NASDAQ,CDXS
NASDAQ,PRQR
NASDAQ,FSFG
NASDAQ,HRTX
NYSE,MQT
NYSE,MVT
NASDAQ,REKR
NASDAQ,LWAC
NASDAQ,TRDA
NASDAQ,MYFW
NYSE,MFM
NYSE,MUE
NASDAQ,EWCZ
NASDAQ,BYND
NASDAQ,IVVD
NASDAQ,BTCS
NASDAQ,BPRN
AMEX,DHY
NASDAQ,HWBK
NASDAQ,INSG
NYSE,EVC
NYSE,RAC
NYSE,FRGE
OTC,CTGL
NASDAQ,CABA
NASDAQ,ACRS
NASDAQ,CEPO
NASDAQ,AXTI
NASDAQ,SAFX
NASDAQ,ZJK
NYSE,CBNA
NASDAQ,FRAF
NASDAQ,CV
NYSE,EARN
AMEX,GENC
NYSE,CCRD
NASDAQ,DMRC
OTC,LICT
NASDAQ,BRLT
NASDAQ,TOYO
NASDAQ,NHIC
OTC,LOGC
NASDAQ,VTYX
NASDAQ,TNXP
OTC,AZULQ
NASDAQ,OPBK
AMEX,INFU
NASDAQ,SSSS
NYSE,ETX
NASDAQ,TCX
NYSE,SRI
NASDAQ,KINS
NYSE,NPV
NASDAQ,CRNT
OTC,LTCN
NASDAQ,EFSI
NASDAQ,LVRO
OTC,CRAWA
NASDAQ,GSRFU
NASDAQ,BACC
NASDAQ,ISSC
NASDAQ,VABK
NYSE,MPV
OTC,SDSYA
NASDAQ,FGNX
NASDAQ,FXNC
NASDAQ,OACC
NASDAQ,GSHR
NASDAQ,KG
NASDAQ,JAKK
NASDAQ,INBK
NASDAQ,FNKO
NASDAQ,TVAI
OTC,SLNCF
OTC,ZNOG
NASDAQ,AXIN
NYSE,DSX
NASDAQ,SVACU
NASDAQ,ATLN
NASDAQ,APAD
OTC,SDRC
NASDAQ,NIPG
NASDAQ,SCLX
NASDAQ,FFAI
NYSE,ZVIA
AMEX,ELA
NASDAQ,CXDO
AMEX,NRO
AMEX,ELMD
NASDAQ,CEP
OTC,FXLG
NASDAQ,MRNO
NASDAQ,UTMD
NASDAQ,TWIN
NASDAQ,BLFY
NYSE,FT
OTC,FNRN
NASDAQ,HVII
NASDAQ,SGMO
NASDAQ,YMT
NASDAQ,RCMT
NASDAQ,FORR
NYSE,PINE
NYSE,PAII
NASDAQ,CRBU
NYSE,EHI
NYSE,SRV
NASDAQ,SAMG
OTC,UBAB
NASDAQ,CVRX
NASDAQ,HCAT
NYSE,SPCE
AMEX,EGG
NYSE,WIA
OTC,EXSR
NYSE,DMB
NASDAQ,STEX
NASDAQ,NKSH
NYSE,BKN
NYSE,HBB
NASDAQ,BIOA
NASDAQ,BDTX
NASDAQ,NTHI
NASDAQ,MDWD
OTC,PDER
OTC,MLGF
NASDAQ,MCGA
NASDAQ,RILY
NYSE,PERF
NASDAQ,PLMK
NYSE,BHR
NASDAQ,SMID
NASDAQ,PAL
NASDAQ,FACT
NYSE,NXDT
OTC,BXSY
AMEX,LPA
NYSE,WOLF
NYSE,VLN
OTC,GWOX
NASDAQ,SXTC
NYSE,DHF
OTC,NDTP
NASDAQ,ARAY
NASDAQ,DVLT
NYSE,DBI
NASDAQ,FTLF
NYSE,TBI
NYSE,SMHI
NASDAQ,NTWO
OTC,CFNB
NASDAQ,MRAM
NASDAQ,PPIH
NASDAQ,DERM
AMEX,CMT
NYSE,FLC
NYSE,VPV
OTC,FFMH
NYSE,COPL
NYSE,GF
NASDAQ,PESI
NASDAQ,KRMD
OTC,GSDT
NASDAQ,MERC
NYSE,NXG
NYSE,BSL
NASDAQ,SGHT
NASDAQ,ONEG
NASDAQ,ATLO
NASDAQ,RAIL
NASDAQ,MRBK
NASDAQ,DOGZ
NASDAQ,XTKG
NYSE,CHN
NASDAQ,SHIP
AMEX,LODE
NASDAQ,EXFY
NYSE,VBF
NASDAQ,STRS
NASDAQ,ARBE
NASDAQ,ELTX
AMEX,MRT
NASDAQ,MAPS
NASDAQ,STIM
NYSE,IGA
NASDAQ,OVBC
NASDAQ,NVFY
NASDAQ,TDAC
NASDAQ,GTERA
NASDAQ,APLT
NASDAQ,SWKH
NASDAQ,LTRX
NASDAQ,SVCC
NASDAQ,STSS
AMEX,ENX
NASDAQ,ONCH
NASDAQ,ESCA
NASDAQ,SOCA
NASDAQ,ROMA
OTC,CCFN
NASDAQ,AEYE
OTC,HONT
NASDAQ,DAAQ
NYSE,CURV
OTC,DLMI
NASDAQ,TRUE
NASDAQ,PMTS
NASDAQ,RAAQ
AMEX,KULR
NASDAQ,CPSS
NASDAQ,CHRS
NASDAQ,IMPP
NYSE,SRFM
NASDAQ,CBIO
NASDAQ,SVCO
NASDAQ,FLD
NYSE,FF
NASDAQ,FBRX
OTC,CBTN
OTC,SCTH
NASDAQ,OMSE
NASDAQ,SLS
NYSE,COOK
AMEX,EPM
NASDAQ,SGC
NASDAQ,RDNW
NASDAQ,ESOA
NASDAQ,PEBK
NASDAQ,MIST
NASDAQ,TDIC
NASDAQ,NAMM
NASDAQ,RGP
NASDAQ,SEAT
NASDAQ,CBFV
AMEX,FSP
NASDAQ,ILLR
NASDAQ,ENTA
OTC,HYSR
NASDAQ,POWW
NASDAQ,BOOM
NASDAQ,AISP
OTC,PMHG
NASDAQ,USGO
NASDAQ,UBFO
OTC,MNPP
NASDAQ,MB
NASDAQ,CTOR
AMEX,TRX
NASDAQ,HNVR
NASDAQ,PEPG
NASDAQ,IBAC
NASDAQ,MCRB
NASDAQ,PLBY
OTC,VKSC
NYSE,PIM
NASDAQ,WHF
NYSE,AVD
NASDAQ,SNBR
NASDAQ,RANG
NYSE,PNI
NYSE,SDHC
NASDAQ,TAVI
AMEX,PLX
NASDAQ,ZENA
NASDAQ,CRGO
NASDAQ,TARA
NASDAQ,PRE
NASDAQ,BVFL
NASDAQ,GMGI
NASDAQ,KWM
NASDAQ,MXCT
AMEX,EP
NYSE,CHGG
NASDAQ,MNSB
NASDAQ,CZWI
AMEX,CIK
NASDAQ,ELDN
NASDAQ,AMTX
NASDAQ,TEAD
NASDAQ,ACTU
AMEX,STRW
NASDAQ,RFAI
NASDAQ,SHMD
OTC,VTDRF
NASDAQ,TTEC
OTC,XTPT
NASDAQ,BLNK
NYSE,WHG
NASDAQ,SEVN
NASDAQ,CCCC
NASDAQ,GNLX
NASDAQ,MIMI
NYSE,VTN
NASDAQ,TYGO
NYSE,PEW
NYSE,MHF
NASDAQ,WLAC
AMEX,ACU
OTC,RENEF
AMEX,GTE
NASDAQ,BCIC
NYSE,ACR
NYSE,TEAF
NASDAQ,FRD
AMEX,ECF
OTC,WEBC
NASDAQ,ZURA
NASDAQ,CFBK
NASDAQ,TVGN
NASDAQ,BANX
NYSE,EDF
NASDAQ,CHCI
NASDAQ,TAYD
NASDAQ,LARK
NYSE,NNY
OTC,BKGM
NASDAQ,EGHA
NASDAQ,FIGX
NYSE,ONL
NASDAQ,NVCT
NASDAQ,ESGL
NASDAQ,AVR
NASDAQ,LHAI
NASDAQ,MKLYU
NYSE,PFD
NASDAQ,FCAP
NASDAQ,PNBK
OTC,TYCB
NASDAQ,NEOV
NASDAQ,ACHV
NASDAQ,SSTI
NASDAQ,GAIA
NASDAQ,BFIN
NASDAQ,BCBP
AMEX,MPTI
NYSE,BGX
NASDAQ,HFFG
NYSE,MSD
NASDAQ,MRCC
OTC,CHMX
NASDAQ,JYNT
NASDAQ,ISPR
NYSE,MDV
NASDAQ,PLCE
NYSE,MED
OTC,NODB
NASDAQ,CDLX
NASDAQ,EML
NASDAQ,LATAU
NYSE,STEM
NASDAQ,RMBI
NASDAQ,HIT
NYSE,OWLT
NASDAQ,CRBP
NASDAQ,CAAS
NASDAQ,VRM
NASDAQ,BTMD
OTC,SNNRF
NASDAQ,LNSR
NASDAQ,SUNS
NASDAQ,OCCI
NASDAQ,SPWR
OTC,TRCY
NASDAQ,MBOT
NASDAQ,IPOD
OTC,ICTSF
NASDAQ,FOSL
NASDAQ,BEEP
NASDAQ,DUOT
NYSE,MPA
OTC,SOME
NASDAQ,LAKE
NYSE,BWG
OTC,UTGN
NASDAQ,NKTX
OTC,BMBN
NASDAQ,RPID
NASDAQ,MATH
NASDAQ,SAVA
NASDAQ,CLYM
NASDAQ,STTK
NYSE,GPMT
NYSE,IH
NYSE,BARK
NASDAQ,DKI
NYSE,GRX
NASDAQ,ECBK
NASDAQ,CCLD
NASDAQ,AVTX
AMEX,GLQ
NYSE,GGT
NASDAQ,RELL
NASDAQ,GLSI
NASDAQ,LUCD
OTC,ESGH
NASDAQ,FNWD
NASDAQ,CLAR
OTC,FCCN
OTC,FOTB
OTC,RBTK
NASDAQ,HAIN
NASDAQ,LAZR
NASDAQ,HQI
OTC,QEPC
NASDAQ,EBMT
NASDAQ,RCEL
NASDAQ,VWAV
NASDAQ,VGAS
NYSE,OPAD
NASDAQ,HPAI
NYSE,NAZ
NASDAQ,BSET
NASDAQ,EMPG
NASDAQ,CRDF
NYSE,SKLZ
NYSE,PDCC
NYSE,JHS
OTC,MNAT
OTC,INBC
NASDAQ,ASYS
NASDAQ,NCSM
OTC,BSAI
NASDAQ,LINK
OTC,FACO
NASDAQ,DCGO
OTC,CORBF
NASDAQ,KALA
NYSE,DMO
OTC,SABK
OTC,MGTE
NYSE,WEA
NASDAQ,PYXS
OTC,EMYB
OTC,WCRS
NASDAQ,TROO
NYSE,DLNG
NASDAQ,INO
OTC,QNBC
NYSE,DHX
NASDAQ,RBKB
NYSE,AXR
NASDAQ,OXSQ
NASDAQ,GECC
AMEX,BHM
NASDAQ,ONCY
NASDAQ,OBIO
NASDAQ,CHECU
OTC,CSBB
NASDAQ,ANIK
NASDAQ,DLTH
NASDAQ,EXOZ
NASDAQ,MLGO
OTC,MCBI
NYSE,MCN
NASDAQ,LFVN
NASDAQ,CGEN
OTC,QSEP
NYSE,BTA
NASDAQ,ARAI
OTC,LQMT
NASDAQ,SBFG
NASDAQ,INAC
OTC,ARBV
NASDAQ,SEER
OTC,CNRD
NASDAQ,SKYE
NYSE,PFO
NASDAQ,SKYX
OTC,LYBC
NASDAQ,RSSS
AMEX,BCV
NASDAQ,QMCO
NASDAQ,YOUL
OTC,CMTV
OTC,MSWV
NASDAQ,NCTY
NASDAQ,AGEN
AMEX,LGCY
OTC,GOAI
NASDAQ,KEQU
NASDAQ,NA
AMEX,IAF
NASDAQ,RRGB
NASDAQ,BMEA
NASDAQ,SVII
AMEX,VFL
NASDAQ,MMLP
NASDAQ,SRBK
OTC,ENDI
NYSE,KF
OTC,SBKO
NASDAQ,VSME
NASDAQ,AFBI
NASDAQ,OSS
NASDAQ,HURA
NASDAQ,OVID
NASDAQ,VIRC
NASDAQ,SFBC
NASDAQ,CURR
NASDAQ,SPAI
NASDAQ,ASPS
NASDAQ,FGBI
NYSE,JHI
NASDAQ,CSPI
NASDAQ,MAYA
OTC,CNBN
NASDAQ,MYPS
OTC,BUKS
NYSE,CCIF
NASDAQ,HOFT
NYSE,PAI
NASDAQ,FLL
NASDAQ,PELI
NASDAQ,NMP
NASDAQ,EHTH
AMEX,FSI
NASDAQ,ATOM
OTC,PFLC
NASDAQ,MAMO
NASDAQ,WRAP
NASDAQ,ACNT
OTC,BBNA
NASDAQ,SORA
NASDAQ,HYPR
NYSE,JEQ
NASDAQ,CGO
OTC,CRSF
OTC,FGFH
OTC,PRMY
NASDAQ,SIEB
AMEX,GORO
NASDAQ,GIFI
NASDAQ,SERA
NASDAQ,CGTX
NASDAQ,TUSK
NASDAQ,BSBK
OTC,PBNC
NYSE,CXE
NASDAQ,SPWH
NYSE,MX
NYSE,RPT
NYSE,GGZ
OTC,CWBK
OTC,TYFG
NASDAQ,FBIO
NASDAQ,QSEA
NASDAQ,IKT
NASDAQ,FATE
NASDAQ,GAUZ
OTC,UBOH
NYSE,SKIL
OTC,TSPH
OTC,CBBI
NASDAQ,UNB
OTC,TGLO
NYSE,IHD
NASDAQ,SPEG
AMEX,ESP
NYSE,NIM
OTC,SOMC
NASDAQ,ACOG
NASDAQ,TIL
NASDAQ,EPSN
AMEX,GRO
OTC,ENBP
NASDAQ,SNT
OTC,WRIV
NASDAQ,QVCGA
NYSE,GNT
NASDAQ,ULBI
NASDAQ,RVSB
AMEX,ERH
NASDAQ,STHO
OTC,CHBH
NASDAQ,KVHI
NASDAQ,ANIX
NASDAQ,ZNTL
NASDAQ,ATLX
NASDAQ,GSIT
NASDAQ,MGYR
NASDAQ,HURC
NYSE,TSQ
NYSE,LFT
NASDAQ,ATOS
OTC,KBLB
NASDAQ,PDEX
NYSE,SBI
NASDAQ,LHSW
OTC,WHEN
NASDAQ,TZOO
NASDAQ,GNSS
NYSE,AKA
OTC,PBNK
NASDAQ,MGNX
NASDAQ,IRBT
NASDAQ,NNBR
AMEX,ARMP
NASDAQ,IRD
NASDAQ,AOUT
OTC,PSBQ
NASDAQ,VTGN
NASDAQ,IDN
NASDAQ,SAIH
NYSE,NMT
NASDAQ,KVAC
NYSE,STG
OTC,CWGL
NASDAQ,HOUR
AMEX,GLU
OTC,ECXJ
NASDAQ,FTCI
NYSE,ANRO
OTC,FTCO
NASDAQ,TOUR
NASDAQ,SPRO
NASDAQ,DOMH
OTC,FFDF
OTC,CYVF
OTC,BNCC
OTC,FKYS
AMEX,CTM
NASDAQ,CTW
NASDAQ,CCG
NASDAQ,PROV
NASDAQ,TCRX
OTC,LRBI
OTC,MEHCQ
NASDAQ,NAUT
OTC,AZLCZ
NASDAQ,OFS
NASDAQ,SKBL
OTC,CFSU
NASDAQ,YDKG
NASDAQ,IOBT
NYSE,JLS
NASDAQ,PRPL
NASDAQ,FGMC
AMEX,PTHS
OTC,CRNG
AMEX,INTT
OTC,FREVS
NASDAQ,KNDI
NYSE,ENJ
OTC,CPKF
NYSE,NMI
OTC,CMRB
OTC,GFGY
NYSE,MGF
NASDAQ,HUHU
NASDAQ,LSBK
NASDAQ,QUIK
OTC,TYBT
NYSE,AMWL
NASDAQ,ALXO
NYSE,EVF
NYSE,CEE
OTC,BCTF
NASDAQ,EMISU
NASDAQ,NSPR
NASDAQ,ICG
NYSE,IGI
OTC,SFDL
NASDAQ,SRZN
NASDAQ,ORMP
OTC,KISB
NASDAQ,BUUU
NASDAQ,GRWG
NASDAQ,ANEB
NYSE,PGP
AMEX,PZG
NASDAQ,SILC
OTC,DIMC
OTC,PXHI
NASDAQ,NOEM
NASDAQ,HOVR
NASDAQ,LPSN
NASDAQ,FONR
NASDAQ,GUTS
NASDAQ,PFX
OTC,SLBK
NASDAQ,ATRA
NASDAQ,GENK
NASDAQ,BNR
NASDAQ,AUBN
NASDAQ,DIBS
NASDAQ,FNGR
NYSE,SOL
NASDAQ,IMDX
AMEX,OPTT
NASDAQ,SFWL
NASDAQ,WIMI
NASDAQ,HOWL
NASDAQ,ADVM
NASDAQ,PBHC
NASDAQ,PCSC
NASDAQ,FSHP
NASDAQ,LIDR
NASDAQ,FTEK
NASDAQ,BIOX
OTC,GEVI
OTC,NOBH
OTC,SEAN
NASDAQ,ENGS
NASDAQ,KLRS
NASDAQ,HSPT
NASDAQ,AFCG
NASDAQ,SHIM
AMEX,PCG%2FPA
NASDAQ,PROP
NASDAQ,XBP
NASDAQ,DTSQ
OTC,PFBX
NASDAQ,PLRX
NASDAQ,SND
NASDAQ,CFSB
NYSE,PSQH
NYSE,RMI
NASDAQ,LSE
NASDAQ,IMUX
OTC,JDVB
NASDAQ,ADAG
OTC,FCOB
NASDAQ,BAER
OTC,QUCT
OTC,CNBB
OTC,BEOB
OTC,FMBM
OTC,HARL
OTC,KTHN
NASDAQ,COYA
NASDAQ,RFIL
AMEX,MHH
OTC,ATEK
NASDAQ,GGR
NASDAQ,CHAR
NASDAQ,WHWK
NASDAQ,SOGP
NASDAQ,PGAC
NYSE,CHMI
OTC,BURCA
NASDAQ,EDAP
NASDAQ,OPXS
NYSE,SRL
NASDAQ,UCL
NYSE,VGI
NASDAQ,CODA
OTC,CSTAF
OTC,RSKIA
OTC,JFBC
OTC,IXAQF
NASDAQ,LCCC
OTC,PBCO
OTC,VRDR
OTC,NORD
OTC,PPLL
OTC,BYLB
NYSE,GDO
NASDAQ,AEI
OTC,OFED
OTC,TCBC
NASDAQ,EQ
NYSE,TSE
NASDAQ,ZJYL
NASDAQ,OMEX
NASDAQ,WSBK
OTC,CRTAF
NASDAQ,FATN
NASDAQ,CNTB
NASDAQ,THCH
OTC,NBST
OTC,STLE
NYSE,CMU
OTC,MPCB
NASDAQ,NTRB
NASDAQ,IFRX
NYSE,UFI
NASDAQ,ZYBT
AMEX,WWR
NASDAQ,IROQ
NASDAQ,TZUP
NASDAQ,CSBR
NASDAQ,CHPG
OTC,BYNO
NASDAQ,LCUT
OTC,BLHK
NASDAQ,ORIQ
OTC,BKSC
NASDAQ,QNCX
OTC,OXBC
NASDAQ,INVE
NASDAQ,YTRA
OTC,SCGX
NASDAQ,IMA
OTC,AURX
NASDAQ,ABOS
NASDAQ,MGX
NASDAQ,QUMSU
NASDAQ,ASRT
OTC,BCRD
OTC,COPR
OTC,RRTS
NYSE,GCTS
NASDAQ,PRLD
OTC,MTWO
NASDAQ,VANI
OTC,VXRT
OTC,UNIB
NASDAQ,ALTO
NASDAQ,COEP
OTC,IVCAF
NASDAQ,LITS
NYSE,CATO
OTC,CHUC
NASDAQ,HNNA
AMEX,DDC
OTC,TKCM
NASDAQ,DTI
OTC,PYYX
AMEX,XTNT
NASDAQ,AIFU
NASDAQ,ABVE
NYSE,RGT
NASDAQ,OCG
NASDAQ,ENTX
NASDAQ,HYFT
OTC,IBTN
OTC,FSRL
NASDAQ,DAIC
NASDAQ,SLNH
OTC,SWIOU
OTC,CZBS
NASDAQ,CPHC
NASDAQ,ISRL
OTC,PPBN
NYSE,IAE
OTC,TRVR
NASDAQ,ATYR
NYSE,NXC
NASDAQ,XBIT
NASDAQ,FEAM
OTC,BBTT
NASDAQ,OKYO
NASDAQ,CAPN
OTC,MCBK
NASDAQ,WGRX
NASDAQ,CNTX
NYSE,GCV
NASDAQ,COLA
NYSE,PCM
NASDAQ,YHNA
OTC,BSEM
OTC,NWPP
OTC,AWCA
NASDAQ,SLGL
NASDAQ,BDMD
NASDAQ,SSBI
NASDAQ,SGA
NASDAQ,MCHX
NASDAQ,DLHC
AMEX,GNS
NASDAQ,UBCP
NASDAQ,CBAT
NASDAQ,RCT
NASDAQ,GDC
NYSE,DTF
OTC,STBK
NASDAQ,ZEO
OTC,ZOMDF
NASDAQ,BLNE
NASDAQ,KPLT
NASDAQ,AMPG
OTC,FFBW
NASDAQ,FVN
NYSE,SWZ
NASDAQ,PMVP
OTC,BRGC
AMEX,MPU
NASDAQ,RDAC
NASDAQ,XCH
NASDAQ,ALOT
NASDAQ,UYSC
OTC,PTBS
OTC,CCNB
NASDAQ,XFOR
OTC,EDGM
OTC,KLIB
NASDAQ,CNTY
OTC,GGROU
NASDAQ,SLNG
OTC,TLGYF
NYSE,DMA
NASDAQ,GMHS
NASDAQ,GEG
OTC,SSGC
OTC,FDVA
OTC,AZRH
NASDAQ,FDSB
NYSE,BGSF
NYSE,TISI
NASDAQ,CRVO
NASDAQ,AIRE
NASDAQ,MAYS
NASDAQ,HLP
OTC,CULL
NASDAQ,APYX
OTC,RVCB
NASDAQ,STKS
OTC,BLNC
OTC,SOBS
AMEX,IOR
NASDAQ,CMTL
NASDAQ,ORGN
NASDAQ,LOOP
AMEX,DIT
NASDAQ,STRO
OTC,BORT
OTC,SEBC
OTC,MRTI
OTC,BVERS
OTC,TMRC
NASDAQ,PLBL
OTC,LEAT
OTC,CBRRF
NASDAQ,ABVC
NASDAQ,NTIC
OTC,ARHN
NASDAQ,ELTK
OTC,NACB
OTC,EFIN
NASDAQ,SNCR
NASDAQ,RYM
OTC,CZBT
OTC,QTIH
NYSE,SST
OTC,CBKM
AMEX,GLV
NASDAQ,DSY
NASDAQ,FNWB
OTC,AABB
NASDAQ,SPKL
OTC,CPTP
NYSE,VLT
NASDAQ,UPLD
OTC,GKOR
NASDAQ,DXLG
NASDAQ,BRID
NASDAQ,RPTX
OTC,ORPB
OTC,HMLN
NASDAQ,GOCO
NASDAQ,ARTV
OTC,UWHR
NASDAQ,HOLO
NASDAQ,ODYS
NYSE,ICR%2FPA
OTC,ICRP
OTC,GLXZ
OTC,BCHT
NYSE,EEA
AMEX,CVM
NASDAQ,BOTJ
NASDAQ,ACFN
NASDAQ,OCC
NASDAQ,FUSB
NASDAQ,VTVT
NASDAQ,UNCY
NASDAQ,BYSI
OTC,BKOR
NASDAQ,LUNG
OTC,DWNX
NASDAQ,YIBO
NASDAQ,CBUS
NASDAQ,WFCF
NYSE,MVO
OTC,JUVF
NASDAQ,PIII
AMEX,CEV
NASDAQ,NRXP
NASDAQ,ICCM
OTC,IMAQ
NASDAQ,ACET
OTC,HAIAF
AMEX,AMBI
NASDAQ,MDIA
NASDAQ,RGS
NASDAQ,ZENV
NASDAQ,PMEC
OTC,GLAI
NYSE,PGZ
NASDAQ,TDTH
AMEX,UAVS
NASDAQ,AFJK
OTC,KANP
NASDAQ,JSPR
AMEX,NSRX
NASDAQ,CPBI
NASDAQ,FORA
NYSE,NMS
NASDAQ,MTEN
NASDAQ,BYFC
OTC,ABIT
NASDAQ,GRAN
OTC,CMHF
NASDAQ,NAMI
NASDAQ,ASPC
OTC,NEFB
OTC,MHGU
NASDAQ,KBSX
OTC,SMAL
NASDAQ,UEIC
NASDAQ,RDZN
NASDAQ,GAME
OTC,JBTC
NASDAQ,MIND
OTC,BBXIA
NASDAQ,SOTK
OTC,BULT
OTC,FBSI
OTC,CTUY
NYSE,WBX
NASDAQ,LASE
OTC,BCOW
OTC,CITZ
NYSE,NOTE
AMEX,VNRX
OTC,MLMC
AMEX,OSTX
NYSE,LOCL
NASDAQ,MNY
OTC,HHDS
OTC,MSEZ
NASDAQ,HTCO
NASDAQ,GANX
NASDAQ,IZEA
NYSE,CXH
OTC,AZREF
AMEX,XPL
NASDAQ,CNVS
NASDAQ,FLUX
OTC,NUVR
NYSE,VATE
NASDAQ,AIRT
NASDAQ,AIRTP
NASDAQ,NXTT
NASDAQ,BZFD
OTC,WSTL
NASDAQ,ATPC
NASDAQ,ANL
NASDAQ,TURB
NYSE,TLYS
NASDAQ,DSWL
NASDAQ,EUDA
OTC,KSBI
NASDAQ,INKT
NASDAQ,PAVS
OTC,NTBP
NASDAQ,CVGI
NYSE,TGE
NASDAQ,LOAN
OTC,SOUB
NYSE,GROV
NASDAQ,MNOV
OTC,HEOL
AMEX,LSF
NASDAQ,TORO
NASDAQ,BDSX
NASDAQ,RCON
OTC,LVPR
OTC,UCIX
OTC,SVVB
NYSE,CLPR
OTC,FBTT
NASDAQ,FLNT
NASDAQ,YSXT
NASDAQ,FTHM
NASDAQ,PSTV
OTC,RAASY
NASDAQ,SHOT
NYSE,PVL
NASDAQ,SSEAU
NASDAQ,VTSI
NASDAQ,BSAA
NASDAQ,NSTS
NASDAQ,NEON
NYSE,NEUE
NYSE,JMM
NASDAQ,ALGS
NASDAQ,OAKU
NASDAQ,CAMP
NASDAQ,RLMD
NASDAQ,CELU
NASDAQ,ATHR
NASDAQ,YXT
OTC,ACBD
NASDAQ,IMMX
OTC,FSMK
NASDAQ,VELO
NASDAQ,DXR
NASDAQ,HGBL
NASDAQ,MAXN
NASDAQ,DTIL
NASDAQ,CLNN
NASDAQ,MFI
NASDAQ,AAME
OTC,BIOF
NASDAQ,JZXN
OTC,FHRT
OTC,CHEV
OTC,JUPGF
NASDAQ,CTSO
NASDAQ,SURG
NASDAQ,BRFH
NASDAQ,GNTA
AMEX,INUV
NASDAQ,YGMZ
NASDAQ,TELA
NASDAQ,SELF
NASDAQ,SPCB
NASDAQ,BEAT
OTC,APXIF
NASDAQ,OPTX
NASDAQ,DWSN
NASDAQ,KPTI
NASDAQ,VRA
NASDAQ,LIVE
NASDAQ,LESL
NYSE,BEDU
NASDAQ,SMXT
OTC,BSFO
OTC,CBLO
OTC,FRSB
OTC,WRLC
NASDAQ,MESA
OTC,MRMD
NASDAQ,MDAI
NASDAQ,PHUN
NASDAQ,IXHL
NASDAQ,LVO
OTC,CBWA
NASDAQ,KSCP
NASDAQ,NTWK
AMEX,BDL
OTC,BLGO
NASDAQ,JUNS
NASDAQ,GMM
OTC,CRKT
AMEX,PED
NASDAQ,PETS
NASDAQ,CIGL
NASDAQ,VERU
NASDAQ,CLST
NASDAQ,CPSH
NASDAQ,LNZA
NASDAQ,ICCC
NASDAQ,CUE
OTC,CZBC
NASDAQ,HYPD
NASDAQ,HKIT
OTC,PGNN
OTC,FFWC
OTC,SFUNY
NASDAQ,FSEA
NYSE,CULP
OTC,CBAF
NASDAQ,AWRE
NYSE,NRT
NASDAQ,RIBB
NASDAQ,TACT
AMEX,MAIA
NASDAQ,INMB
NYSE,SOS
NASDAQ,TBMC
OTC,REED
OTC,ZIVO
NASDAQ,BTAI
NASDAQ,YDES
OTC,BSPA
OTC,MNMB
OTC,EDVR
AMEX,MCRP
OTC,CGEH
OTC,QKIE
AMEX,BRIA
AMEX,INLX
OTC,PVBK
NASDAQ,AACG
OTC,SVBT
NASDAQ,ACRV
NASDAQ,ALCY
NASDAQ,TIRX
NYSE,MXE
NASDAQ,RECT
NASDAQ,ATMV
OTC,MVLY
OTC,CCBC
NASDAQ,REFR
NASDAQ,EURK
OTC,MTBLY
NYSE,FMY
NASDAQ,HSPO
NASDAQ,PXLW
OTC,EMCGF
NASDAQ,NHTC
OTC,RPMT
OTC,HBSI
NASDAQ,MDCX
AMEX,DMYY
AMEX,APT
NASDAQ,SRTS
AMEX,SER
NASDAQ,RDI
OTC,AASP
NASDAQ,CSTE
AMEX,SACH
NASDAQ,MOBX
NASDAQ,TPCS
OTC,WELNF
AMEX,ATNM
NASDAQ,NVNI
OTC,RWCB
OTC,ETST
OTC,PEBC
OTC,USCTF
NASDAQ,FGEN
OTC,EQFN
NASDAQ,KOSS
OTC,TRSO
NASDAQ,PBBK
NYSE,VOC
NASDAQ,RYET
NASDAQ,FKWL
OTC,LSFG
NASDAQ,BRLS
NASDAQ,SYPR
NASDAQ,BRNS
NYSE,AP
OTC,CIBH
OTC,ESBS
NASDAQ,RAVE
AMEX,OPHC
OTC,SNTL
NASDAQ,AIRG
AMEX,WYY
OTC,VPLM
OTC,HFBK
NASDAQ,ONMD
NASDAQ,JG
NASDAQ,MAGH
OTC,CEFC
NASDAQ,ASRV
OTC,OTTW
OTC,MSVB
OTC,LFGP
NASDAQ,TCBS
NASDAQ,LTRN
NASDAQ,PPSI
OTC,PBKX
NASDAQ,PDSB
NYSE,PRT
NASDAQ,NUAI
NYSE,RFL
OTC,DENI
OTC,TLIS
OTC,NIDB
NASDAQ,WAVE
NASDAQ,NOTV
NASDAQ,VVPR
NASDAQ,NEPH
NASDAQ,BWEN
OTC,KEWL
OTC,HLFN
OTC,IRRX
OTC,MBKL
OTC,AVAI
NASDAQ,IMG
NYSE,NXN
NASDAQ,BIRD
NASDAQ,SCWO
NASDAQ,CPIX
NASDAQ,PODC
NASDAQ,BKHA
OTC,HRBR
OTC,WNDW
NASDAQ,NMTC
OTC,CMUV
AMEX,MGLD
NASDAQ,BMR
OTC,STBI
NYSE,CRT
NASDAQ,HTLM
NYSE,VNCE
NASDAQ,BEEM
NASDAQ,AMOD
OTC,ORBN
NASDAQ,RAND
NASDAQ,SCYX
OTC,SQCF
NASDAQ,JLHL
OTC,LUMB
NASDAQ,TELO
OTC,EAXR
NASDAQ,ESHA
OTC,UMEWF
NASDAQ,XTIA
OTC,SLRK
NASDAQ,NUKK
NASDAQ,ESLA
AMEX,SIF
AMEX,MYND
OTC,GVYB
OTC,TBBC
NASDAQ,PRTS
NYSE,KORE
AMEX,INDO
OTC,GLLI
OTC,SBNY
NASDAQ,BREA
NASDAQ,IPSC
OTC,FBVI
NASDAQ,ZYXI
NASDAQ,RMTI
NASDAQ,BTOC
OTC,INVU
OTC,CIBY
NASDAQ,ABLV
OTC,JANL
NASDAQ,WETO
NASDAQ,PWM
NASDAQ,RNXT
NASDAQ,OTLK
NASDAQ,CALC
NASDAQ,HFBL
OTC,BAOB
NASDAQ,IPWR
OTC,HCIL
NASDAQ,GRCE
OTC,ANDC
NASDAQ,AUID
OTC,YOTA
NASDAQ,CLIR
OTC,CBRF
NASDAQ,BODI
NASDAQ,USEG
AMEX,GRF
NASDAQ,ELUT
NASDAQ,APWC
OTC,LWCL
NASDAQ,AGH
NASDAQ,QETA
NASDAQ,JRSH
NASDAQ,LVTX
NASDAQ,TPST
NASDAQ,ATMC
AMEX,ACCS
NYSE,BTCM
NASDAQ,TLPH
NASDAQ,XLO
OTC,LDDD
NASDAQ,UONE
OTC,IVFH
AMEX,ZDGE
NASDAQ,YI
NASDAQ,HERZ
NASDAQ,GBIO
OTC,RDGL
OTC,OAKV
NASDAQ,CYN
NASDAQ,ICMB
OTC,HCBN
NASDAQ,CLGN
NASDAQ,RAIN
NASDAQ,STRRP
NASDAQ,STRR
NASDAQ,DYAI
NASDAQ,INTG
NASDAQ,VRCA
NYSE,SBDS
NASDAQ,BCAB
NASDAQ,LIMN
OTC,OSBK
NASDAQ,ADAP
NASDAQ,USIO
NASDAQ,MODD
AMEX,CCEL
NASDAQ,BAYA
OTC,ATMH
OTC,GBNY
NASDAQ,FARM
NYSE,ANVS
NASDAQ,SNAL
NASDAQ,DBGI
NASDAQ,AIFF
AMEX,AXIL
NASDAQ,BLIV
OTC,KARX
OTC,MDWK
NASDAQ,UBXG
NASDAQ,PLUR
OTC,WDFN
NASDAQ,MRSN
NASDAQ,JFB
OTC,CIZN
NASDAQ,KTCC
OTC,MFBP
NASDAQ,ECOR
NASDAQ,TBHC
NASDAQ,ISPO
NYSE,SPRU
OTC,HNOI
OTC,RITE
OTC,LIMX
NASDAQ,BAFN
OTC,PVCT
AMEX,IGC
NASDAQ,MDBH
NASDAQ,JBDI
NASDAQ,SONN
NASDAQ,SNTI
NASDAQ,SELX
OTC,ALBY
OTC,CRCW
NASDAQ,MURA
AMEX,LGL
AMEX,MLSS
NASDAQ,OMCC
NASDAQ,AGAE
NYSE,NTZ
NASDAQ,KLXE
NASDAQ,MSW
NASDAQ,VEEA
OTC,VTYB
OTC,AATC
OTC,SGBG
NASDAQ,FAT
OTC,BIOQ
NASDAQ,CISO
NASDAQ,UG
NASDAQ,SIDU
NYSE,AHT
NASDAQ,LEE
OTC,EXCH
NASDAQ,LITM
NASDAQ,STEC
AMEX,MYO
OTC,DYNR
NASDAQ,VRAR
OTC,EGRX
NYSE,LITB
OTC,FMFP
AMEX,TOON
NASDAQ,ORBS
NASDAQ,YYAI
NASDAQ,NCT
OTC,SODI
NASDAQ,GROW
NASDAQ,SWVL
NASDAQ,EDRY
NASDAQ,TOP
OTC,NRDE
NYSE,FENG
NASDAQ,RANI
AMEX,NTIP
NASDAQ,BTOG
NASDAQ,HUIZ
OTC,AUSI
OTC,EMMS
NASDAQ,INTZ
NASDAQ,ANTX
OTC,CNXX
NASDAQ,YQ
NASDAQ,PYPD
NASDAQ,OKUR
OTC,LUNA
OTC,GNOLF
OTC,FDCT
OTC,INIS
NASDAQ,POCI
NASDAQ,IINN
NASDAQ,QRHC
OTC,HFBA
OTC,FLFG
OTC,MCAG
OTC,DUTV
NASDAQ,COSM
OTC,DROR
OTC,MDVT
NASDAQ,MTEK
OTC,KICK
NASDAQ,SOHO
OTC,HCBC
NASDAQ,FOXX
NASDAQ,TENX
AMEX,CVU
OTC,WTMA
NASDAQ,BMGL
NASDAQ,BGFV
OTC,LSBCF
OTC,SKKY
NASDAQ,GSIW
OTC,PPAL
OTC,CDAB
NYSE,RBOT
NASDAQ,ZBAO
NASDAQ,GIFT
NASDAQ,DFLI
OTC,CYSM
NYSE,EQS
OTC,GBUX
OTC,GCEI
OTC,GLGI
NASDAQ,ITRM
NASDAQ,DYCQ
NASDAQ,AERT
NYSE,CIF
NASDAQ,DRIO
OTC,BSHI
NASDAQ,RMCO
NASDAQ,DAIO
NASDAQ,EBON
NASDAQ,AKTX
NASDAQ,VSA
OTC,HRGN
OTC,CLOQ
OTC,PWBK
OTC,ONVC
OTC,PCLB
NASDAQ,MKDW
OTC,PGTK
OTC,OTLC
OTC,KENS
NASDAQ,SWAG
OTC,KPEA
NASDAQ,DTST
NASDAQ,KFFB
NASDAQ,JFU
NYSE,FEDU
NASDAQ,SPPL
OTC,JFWV
NASDAQ,VBIX
NASDAQ,SCOR
NASDAQ,MBBC
NASDAQ,OPI
NASDAQ,CRWS
NASDAQ,OESX
NASDAQ,NIXX
OTC,GTII
OTC,TRXA
NASDAQ,NRSN
OTC,MOBQ
NASDAQ,CENN
OTC,PRKR
OTC,PNBI
NASDAQ,RENB
OTC,CDIX
OTC,PSCO
NYSE,NINE
NASDAQ,PXS
OTC,KTBA
NYSE,KTH
OTC,IONI
NASDAQ,PRZO
NASDAQ,MDRR
OTC,AMNP
NASDAQ,BOSC
OTC,GWTI
AMEX,NRXS
OTC,PRKA
OTC,THMG
NASDAQ,ADGM
NASDAQ,LGCB
OTC,FSBH
OTC,HYEX
OTC,CYBL
NASDAQ,KIDZ
NASDAQ,NDLS
NASDAQ,CVKD
OTC,BBUZ
NASDAQ,RVPH
OTC,NCXS
OTC,GMGZ
AMEX,TOPS
OTC,AAQL
NASDAQ,PRPO
OTC,FBPA
NASDAQ,OMH
NASDAQ,DARE
NYSE,CNF
OTC,TETAA
NASDAQ,ELOG
OTC,ADKT
NASDAQ,SNYR
NYSE,MOGU
AMEX,ZONE
OTC,PFBN
OTC,RSRV
NASDAQ,KLTO
OTC,PETV
NASDAQ,NEUP
OTC,AVNI
NASDAQ,RNTX
NASDAQ,ZCMD
NASDAQ,SYTA
OTC,AMEN
OTC,CELV
OTC,NRPI
NASDAQ,HHS
NASDAQ,CLPS
NASDAQ,CAPT
NASDAQ,NTRP
NASDAQ,FORL
OTC,QNTO
OTC,HRGG
OTC,AAPT
NYSE,CCM
OTC,ELMA
NASDAQ,STAI
OTC,GNRV
NASDAQ,WLDS
OTC,BFNH
OTC,VRHI
NASDAQ,BCG
NASDAQ,KZR
OTC,KLNG
NASDAQ,GREE
NASDAQ,SDST
OTC,QBAK
NASDAQ,MGIH
NASDAQ,ARKR
NYSE,NYC
NASDAQ,IZM
AMEX,TOPP
NASDAQ,MCTR
OTC,AMFC
OTC,IBWC
AMEX,LGPS
OTC,AUTR
NASDAQ,RYOJ
NASDAQ,JVA
NASDAQ,NSYS
NYSE,NOM
OTC,CRMZ
OTC,BKUT
OTC,FCCT
NASDAQ,SGRP
NASDAQ,NXGL
NASDAQ,BOLD
NASDAQ,EVAX
NASDAQ,BTCT
NASDAQ,SAGT
OTC,RBNK
NASDAQ,CMBM
NASDAQ,BOF
NASDAQ,CSAI
OTC,GDST
NASDAQ,MIRA
NASDAQ,VSTD
NASDAQ,EPOW
OTC,BESS
AMEX,RVP
NASDAQ,PASG
OTC,HVLM
NASDAQ,WXM
OTC,PAYD
NASDAQ,LIQT
NASDAQ,TGHL
NASDAQ,JL
OTC,ABCP
AMEX,TRT
AMEX,ROLR
NASDAQ,TLF
NASDAQ,ENLV
NASDAQ,SJ
OTC,MACT
NASDAQ,PSHG
NASDAQ,LRE
NASDAQ,MBRX
AMEX,APUS
NASDAQ,HAO
NASDAQ,XOS
NASDAQ,YYGH
NASDAQ,CREX
OTC,ACUT
NASDAQ,XCUR
NASDAQ,REE
NASDAQ,ZSPC
NASDAQ,FBLG
AMEX,AUST
NASDAQ,CWD
OTC,SSBP
NASDAQ,FCUV
NASDAQ,CYCU
OTC,VMNT
NASDAQ,BLBX
NASDAQ,KMRK
OTC,MCHT
NASDAQ,GTEC
OTC,LOGN
OTC,CNAF
AMEX,CKX
NASDAQ,GYRO
NASDAQ,GFAI
NASDAQ,UTSI
NASDAQ,MTVA
NASDAQ,MNDO
NASDAQ,VVOS
NASDAQ,GDTC
NYSE,GWH
NASDAQ,MSAI
NASDAQ,MRM
NYSE,SQNS
NASDAQ,NWGL
NASDAQ,PFAI
OTC,STCB
NASDAQ,ALLR
NASDAQ,LIXT
NASDAQ,QTTB
NASDAQ,RLYB
OTC,WVFC
NASDAQ,PPCB
NASDAQ,SNES
NASDAQ,HOTH
NASDAQ,GLBS
AMEX,NNVC
AMEX,KAPA
NASDAQ,MAMK
NASDAQ,MGRX
AMEX,BGI
OTC,POSC
NASDAQ,RAY
AMEX,JOB
AMEX,IHT
OTC,IFUS
NASDAQ,CVV
AMEX,COHN
NASDAQ,CURX
OTC,CCTC
NASDAQ,WTO
OTC,REOP
OTC,SALM
NASDAQ,MTC
NASDAQ,IQST
NASDAQ,NXPL
OTC,PTEL
OTC,IEHC
NASDAQ,IROH
OTC,CHKR
OTC,AIJTY
OTC,MRCR
OTC,CAHO
NASDAQ,BANL
NASDAQ,WFF
NASDAQ,AZI
NASDAQ,LSTA
NASDAQ,NTCL
OTC,LRDC
OTC,NXMH
NASDAQ,CUPR
NASDAQ,SHFS
OTC,FRFC
NASDAQ,PMN
NASDAQ,CLSD
NASDAQ,CRIS
OTC,HYOR
OTC,VASO
NASDAQ,DXST
NASDAQ,YMAT
NASDAQ,NCRA
OTC,SFRX
NASDAQ,SABS
OTC,UNIF
OTC,BRRE
OTC,SNTW
NASDAQ,EJH
OTC,APHP
NASDAQ,WCT
OTC,BKFG
NASDAQ,WKSP
NASDAQ,TOMZ
OTC,STLY
NASDAQ,CING
NASDAQ,LEXX
OTC,RNGE
OTC,JSDA
OTC,COBA
OTC,ILAL
AMEX,BATL
NASDAQ,TAOX
OTC,SNNF
NASDAQ,EHLD
NASDAQ,SYBX
NASDAQ,APLM
OTC,RYES
NASDAQ,CASI
NASDAQ,CTRM
OTC,TBTC
OTC,LILMF
OTC,NXTN
OTC,FBPI
NASDAQ,RVSN
NASDAQ,HUDI
OTC,AITX
NASDAQ,ANY
OTC,PRTT
OTC,OCLN
NASDAQ,ABTS
OTC,UEEC
OTC,LTCH
NASDAQ,HBIO
OTC,CETI
NASDAQ,ANGH
OTC,VWFB
NASDAQ,GIGM
NASDAQ,RENT
NASDAQ,ELPW
OTC,FNCH
NASDAQ,CETY
NASDAQ,CTXR
OTC,WELX
NASDAQ,IRIX
NASDAQ,DTCK
NASDAQ,HCAI
AMEX,MXC
NASDAQ,TRIB
NASDAQ,GDHG
AMEX,MMA
OTC,CRZY
NASDAQ,MWYN
OTC,GTHP
OTC,RAFI
OTC,SCIA
NASDAQ,EHGO
NASDAQ,HTCR
OTC,MRAI
OTC,CNTM
OTC,DUKR
NASDAQ,SEGG
OTC,SPND
OTC,GWBK
AMEX,AMS
OTC,DFEL
OTC,BDCO
NASDAQ,JYD
NASDAQ,NVNO
NASDAQ,PC
OTC,HLLK
NASDAQ,COCH
NASDAQ,SOND
OTC,MFON
NASDAQ,IPM
NASDAQ,CODX
NASDAQ,NISN
NASDAQ,PRPH
OTC,TCOR
OTC,CLEV
AMEX,RCG
OTC,CLCS
OTC,UNEH
AMEX,MI
OTC,BWTL
NASDAQ,LEDS
NASDAQ,COOT
NASDAQ,HWH
AMEX,AMZE
NASDAQ,EDTK
NASDAQ,ASBP
NASDAQ,NAII
OTC,MRES
NASDAQ,ZDAI
OTC,NSYC
NASDAQ,CLRB
NASDAQ,INHD
NASDAQ,PN
OTC,TBBA
NASDAQ,WTG
NASDAQ,SCNX
NASDAQ,INEO
NASDAQ,LMFA
NASDAQ,EDSA
NASDAQ,TLIH
NASDAQ,ABP
NASDAQ,AGMH
OTC,ECDP
NASDAQ,LGCL
NASDAQ,CXAI
OTC,RLAB
NASDAQ,AYTU
OTC,FLEW
NYSE,BHV
NASDAQ,WVVI
OTC,SPST
AMEX,EONR
OTC,AWHL
OTC,UNTN
OTC,JTNB
NASDAQ,GTIM
OTC,CNFN
AMEX,PMNT
NASDAQ,FIEE
NASDAQ,LGVN
NASDAQ,IPW
NASDAQ,ICU
NASDAQ,VIVK
OTC,XNDA
NASDAQ,MSS
NASDAQ,GLE
NASDAQ,THAR
NASDAQ,WKHS
NASDAQ,TBH
NASDAQ,AIMD
NASDAQ,NXL
NASDAQ,MNDR
AMEX,BURU
NASDAQ,TRSG
NASDAQ,GOVX
OTC,FIBH
OTC,CIBN
NASDAQ,BLIN
NASDAQ,ELSE
NASDAQ,COCP
NASDAQ,IPDN
NASDAQ,MSGM
NYSE,ALUR
OTC,ELAMF
NASDAQ,BNGO
OTC,NNUP
OTC,NGLD
NASDAQ,PULM
NASDAQ,RBNE
OTC,BLTH
OTC,PCSV
NASDAQ,IBIO
OTC,GOVB
NASDAQ,DTSS
NASDAQ,USEA
NASDAQ,KITT
NASDAQ,MTEX
OTC,BTCY
OTC,HCGI
OTC,MPIR
OTC,BYRG
NASDAQ,DLPN
NASDAQ,EFOI
NASDAQ,CHEK
OTC,SICPQ
OTC,ERKH
OTC,CLNV
NASDAQ,FEMY
OTC,UNRG
NASDAQ,CHSN
OTC,QMCI
OTC,RIVF
NASDAQ,SMSI
OTC,BZRD
OTC,VIPZ
NASDAQ,TKLF
NASDAQ,NXTC
NASDAQ,ATHA
OTC,GVFF
OTC,SUND
NASDAQ,BCDA
OTC,NEWH
NASDAQ,TAIT
OTC,KTEL
NASDAQ,WETH
NASDAQ,PT
OTC,PUBC
OTC,SFES
NASDAQ,FPAY
NASDAQ,OXBR
AMEX,AIRI
OTC,CMLS
OTC,PFHO
NASDAQ,NERV
NASDAQ,ARBB
NASDAQ,LPCN
NASDAQ,PHH
NASDAQ,FLYE
NASDAQ,YHGJ
NASDAQ,LSH
OTC,CTYP
NASDAQ,MNTS
OTC,WCFB
NASDAQ,HSDT
OTC,HGTXU
OTC,SPRS
OTC,KEGX
OTC,APYP
OTC,APGI
NASDAQ,CNFR
NASDAQ,HCTI
NASDAQ,LPTX
NYSE,ENFY
OTC,AIXN
NASDAQ,AMST
OTC,RMTO
NASDAQ,SFHG
NASDAQ,BFRG
AMEX,RYDE
OTC,FIDS
NASDAQ,KRKR
OTC,TGRP
NASDAQ,AIXI
NASDAQ,BHAT
NASDAQ,BIVI
OTC,ALRTF
OTC,TCNB
AMEX,PHGE
OTC,SDCH
OTC,FOFA
OTC,HMMR
NASDAQ,CRE
OTC,CRWE
NASDAQ,CPOP
OTC,PCMC
NASDAQ,CMMB
NASDAQ,ORKT
NASDAQ,FTRK
OTC,HRBK
NASDAQ,ILAG
NASDAQ,AREB
NASDAQ,STI
OTC,PBSV
NASDAQ,ZKIN
NASDAQ,HXHX
NASDAQ,HYFM
NASDAQ,BON
OTC,CVAT
OTC,FSCR
NASDAQ,INTJ
OTC,ELLH
AMEX,BRN
OTC,LTNC
NASDAQ,LVLU
NASDAQ,APM
NASDAQ,GELS
NASDAQ,EKSO
NASDAQ,REBN
NASDAQ,XAIR
OTC,MSBM
OTC,WRPT
AMEX,NBY
NASDAQ,ATON
OTC,CEIN
NASDAQ,TRAW
NASDAQ,IMNN
NASDAQ,GLBZ
OTC,ASCN
NASDAQ,NCEW
OTC,SUME
OTC,PMDI
NASDAQ,DUO
NASDAQ,JTAI
NASDAQ,BNAI
NASDAQ,PHIO
NASDAQ,ARTW
AMEX,PLAG
NASDAQ,RMSG
NASDAQ,RMCF
OTC,FALC
OTC,AAGH
OTC,TGCB
OTC,TAGP
NASDAQ,BNZI
OTC,GUER
OTC,HWAL
OTC,BRGX
NASDAQ,SINT
NASDAQ,OSRH
NASDAQ,PFSA
OTC,TVLF
NASDAQ,SSKN
NASDAQ,WATT
NASDAQ,PSIG
AMEX,DSS
AMEX,GPUS
NASDAQ,MLEC
OTC,MVNT
NASDAQ,TXMD
AMEX,ATCH
NASDAQ,MRKR
NASDAQ,FLGC
NASDAQ,JCTC
OTC,TIKK
NASDAQ,SSM
NASDAQ,CGTL
OTC,TRKX
NASDAQ,MEGL
NASDAQ,LBGJ
OTC,WBSR
OTC,ENGT
NASDAQ,CARM
OTC,MOJO
NASDAQ,CARV
OTC,PAIYY
OTC,UARI
NASDAQ,GXAI
NASDAQ,MHUA
NASDAQ,FGI
NASDAQ,GTI
NASDAQ,BSLK
AMEX,NCL
NASDAQ,INTS
NASDAQ,ATXG
OTC,TCRI
NASDAQ,EDUC
OTC,HMBL
OTC,BASA
OTC,BMNM
OTC,GEAT
NASDAQ,LFWD
NASDAQ,BGMS
NASDAQ,MBIO
OTC,OSCI
OTC,FGCO
NASDAQ,GRNQ
OTC,HOOK
NASDAQ,BRTX
OTC,LBRMF
NASDAQ,PCLA
OTC,BNET
OTC,RHCO
NASDAQ,VRME
NASDAQ,PTHL
NASDAQ,PETZ
OTC,NRIS
NASDAQ,BTBD
NASDAQ,OLB
NASDAQ,SONM
OTC,LRGR
OTC,QTZM
NASDAQ,SNSE
OTC,CRVW
OTC,AVOA
NASDAQ,INLF
NASDAQ,NCPL
OTC,IVDN
OTC,SRRE
NASDAQ,FCHL
OTC,DTRL
OTC,RLBY
AMEX,SRXH
OTC,TTYP
OTC,TDCB
NASDAQ,XHLD
OTC,SEAC
OTC,GEDC
OTC,CCYY
NASDAQ,PCSA
OTC,SBMSF
OTC,ETCC
NASDAQ,LYRA
NASDAQ,SKYQ
NASDAQ,CLWT
NASDAQ,DWTX
OTC,SMNR
OTC,YQAI
OTC,MAAL
NASDAQ,TNON
NASDAQ,VSEE
NASDAQ,MIGI
OTC,ROYTL
NASDAQ,BOLT
NASDAQ,BBGI
OTC,CAIB
NASDAQ,INAB
OTC,RBCN
OTC,LUDG
OTC,FXBY
OTC,ATGN
NASDAQ,AQMS
NASDAQ,AEHL
NASDAQ,BFRI
OTC,AWSL
OTC,BNSOF
AMEX,CVR
NASDAQ,ATER
AMEX,AWX
NASDAQ,INBS
NASDAQ,FGL
NASDAQ,BGLC
AMEX,AMBO
OTC,FLYYQ
OTC,DXYN
NYSE,MTR
OTC,CAUD
NASDAQ,VS
AMEX,MWG
OTC,FPBC
NASDAQ,KZIA
AMEX,SOAR
NASDAQ,EVGN
AMEX,SYNX
NASDAQ,SPHL
AMEX,AEON
NASDAQ,IFBD
OTC,INTI
AMEX,UUU
OTC,PTNT
OTC,EVRC
NASDAQ,CIIT
OTC,TOGI
OTC,BOREF
OTC,FNFI
NASDAQ,EEIQ
OTC,PCPJ
NASDAQ,JXG
OTC,ECTM
AMEX,MTNB
NASDAQ,HSCS
NASDAQ,ADVB
NASDAQ,MARPS
NASDAQ,SOWG
NASDAQ,ISPC
NASDAQ,ZBAI
OTC,TWOH
NASDAQ,UCAR
NASDAQ,IOTR
OTC,NMEX
OTC,AHIX
NASDAQ,EPIX
NASDAQ,RVYL
NASDAQ,LCFY
OTC,PAXH
NASDAQ,ALBT
OTC,EMOR
NASDAQ,YJ
OTC,PHIL
NASDAQ,SNTG
AMEX,TPET
NASDAQ,CHR
AMEX,MITQ
OTC,FSGB
NASDAQ,CDTG
OTC,INBP
NASDAQ,NLSP
OTC,USMT
NASDAQ,IMCC
OTC,PURE
NASDAQ,LUCY
AMEX,MSN
OTC,QGSI
AMEX,HCWC
NASDAQ,PAVM
OTC,UNVC
NASDAQ,VCIG
NASDAQ,DHAI
NASDAQ,RAYA
OTC,IMUC
NASDAQ,ADN
NASDAQ,LDWY
OTC,ZEOX
OTC,BICX
NASDAQ,GV
OTC,ORBT
NASDAQ,KPRX
OTC,GPOX
OTC,SRNN
OTC,AHNRF
OTC,ONEI
NASDAQ,POAI
OTC,PRPS
OTC,PREM
OTC,CUBT
NASDAQ,AGRI
NASDAQ,HCWB
NASDAQ,WAI
OTC,FERN
NASDAQ,CLRO
OTC,PNPL
NASDAQ,ERNA
NASDAQ,MKZR
NASDAQ,POLA
NASDAQ,MYSE
NASDAQ,SQFT
OTC,ELMSQ
OTC,LCTC
NASDAQ,QLGN
NASDAQ,OP
NASDAQ,SMTK
NASDAQ,DEVS
NASDAQ,CELZ
NASDAQ,APRE
OTC,DSHK
NASDAQ,RNAZ
NASDAQ,ASTC
NASDAQ,VYNE
OTC,ECGS
NASDAQ,LRHC
OTC,BLMH
NASDAQ,YHC
NASDAQ,XELB
NASDAQ,GITS
OTC,MCLDF
NASDAQ,HTOO
OTC,KRTL
NASDAQ,VIVS
OTC,SCND
NASDAQ,QCLS
OTC,GULTU
OTC,IHGP
NASDAQ,PTIX
NASDAQ,TNMG
NASDAQ,PALI
AMEX,BQ
OTC,MFDB
NASDAQ,GLXG
NASDAQ,GORV
OTC,PGNT
NASDAQ,SCKT
NASDAQ,GURE
NASDAQ,SEED
NASDAQ,CYCN
NASDAQ,IDAI
OTC,ADTI
AMEX,IBO
OTC,UMCN
NASDAQ,NWTG
OTC,SKAS
OTC,GWSO
NASDAQ,WAFU
NASDAQ,FEBO
NASDAQ,ELWS
NASDAQ,BMRA
OTC,TXRP
NASDAQ,CAPS
OTC,HERB
OTC,MMTRS
NASDAQ,ARTL
NASDAQ,SLXN
OTC,FXLV
NASDAQ,KXIN
NASDAQ,LOBO
NASDAQ,EPWK
NASDAQ,CCTG
NASDAQ,FTEL
AMEX,CLDI
NASDAQ,HIHO
NASDAQ,GNPX
NASDAQ,GLMD
NASDAQ,CREV
NASDAQ,CNEY
NASDAQ,NCNA
OTC,PEVM
NASDAQ,EVOK
AMEX,PAPL
NASDAQ,SKK
NASDAQ,ALZN
OTC,WNLV
OTC,ICBU
NASDAQ,ENTO
NASDAQ,PRSO
OTC,AMFL
NASDAQ,DRCT
NASDAQ,ADIL
OTC,FULO
OTC,TGNT
NASDAQ,RDGT
OTC,BCLI
NASDAQ,SUGP
OTC,XCRT
NASDAQ,SILO
NASDAQ,FTFT
OTC,BABB
AMEX,AIM
OTC,VIVC
OTC,GPLS
NASDAQ,BIYA
OTC,TIOG
AMEX,SGN
NASDAQ,CDIO
OTC,GLVT
NASDAQ,AQB
OTC,NMGX
NASDAQ,PTLE
OTC,RHEP
NASDAQ,MYNZ
NASDAQ,BIAF
OTC,AIEV
OTC,SILS
NASDAQ,SOPA
OTC,TESI
NASDAQ,MASK
NASDAQ,BOXL
OTC,AUMN
OTC,HLEO
OTC,HHSE
OTC,EVTK
OTC,ADMQ
OTC,MVNC
NASDAQ,RIME
NASDAQ,EVTV
NASDAQ,SBFM
NASDAQ,ENSC
NASDAQ,SNOA
NASDAQ,PMCB
OTC,BMTM
OTC,IPSI
NASDAQ,IVP
OTC,WNMLA
NASDAQ,ASNS
NASDAQ,AMIX
NASDAQ,CERO
NASDAQ,PLRZ
OTC,GBCS
NASDAQ,ACXP
OTC,DQWS
NASDAQ,NCI
OTC,BIXT
OTC,SLTN
OTC,MLYCF
OTC,MFBI
NASDAQ,WHLR
NASDAQ,OBLG
OTC,HIRU
OTC,ZICX
NASDAQ,LNKS
NASDAQ,VEEE
OTC,ETBI
OTC,FUNR
NASDAQ,JCSE
NASDAQ,RDHL
AMEX,CPHI
OTC,APCX
OTC,CVSI
OTC,ADMT
OTC,WAST
NASDAQ,CHNR
NASDAQ,GCTK
OTC,TXTM
OTC,SIGY
OTC,MAGE
NASDAQ,CNET
NASDAQ,ASTI
NASDAQ,XWEL
OTC,IMTH
OTC,ENZN
NASDAQ,QH
OTC,BDST
NASDAQ,ORIS
OTC,SNRG
NASDAQ,XXII
NASDAQ,TRNR
NASDAQ,ONFO
OTC,LIANY
OTC,CFTN
NASDAQ,SGD
OTC,IMPM
NASDAQ,GLTO
OTC,VYCO
NASDAQ,WNW
NASDAQ,CREG
OTC,CBIH
NASDAQ,GVH
NASDAQ,HUBC
NASDAQ,UGRO
NASDAQ,CMND
OTC,VLXC
OTC,SRCO
NASDAQ,ECDA
OTC,DWAY
NASDAQ,CTNT
NASDAQ,SISI
NASDAQ,GSUN
OTC,HLYKD
OTC,AFDG
OTC,CBSC
NASDAQ,SXTP
AMEX,YCBD
NASDAQ,NAOV
NASDAQ,IBG
OTC,EESH
OTC,ZDPY
OTC,ABVN
OTC,ITEX
NASDAQ,TTNP
NASDAQ,TCRT
AMEX,GBR
OTC,LVRLF
NASDAQ,SLE
OTC,NUGN
OTC,XERI
OTC,SIGL
NASDAQ,CLIK
NASDAQ,KTTA
NASDAQ,SDOT
NASDAQ,EDBL
OTC,CYCA
OTC,TSPG
NASDAQ,APDN
OTC,MSTH
OTC,NGTF
OTC,RMSL
NASDAQ,KAVL
OTC,BUDZ
OTC,CDTI
NASDAQ,BNRG
AMEX,OGEN
NASDAQ,ONCO
NASDAQ,INM
NASDAQ,GIPR
NASDAQ,SOBR
OTC,GRWC
OTC,DTGI
OTC,AGDY
OTC,BLMC
NASDAQ,BKYI
OTC,GIFX
OTC,PSUD
AMEX,SBEV
NASDAQ,SNGX
NASDAQ,XPON
OTC,STME
OTC,HEWA
NASDAQ,CNSP
NASDAQ,WOK
OTC,SPFX
OTC,ELEK
OTC,RDAR
OTC,PTOPD
NASDAQ,JZ
NASDAQ,BAOS
OTC,LVWD
OTC,FWFW
OTC,ATVK
OTC,GHST
OTC,LFEV
OTC,TALN
OTC,NKGN
OTC,EBZT
OTC,GOGR
NASDAQ,APVO
OTC,KSEZ
OTC,DFCO
OTC,SMEV
NASDAQ,GRI
OTC,CMPD
OTC,PWDY
OTC,SRNW
OTC,FAGI
OTC,ABBB
OTC,LNMG
NASDAQ,CMCT
AMEX,ITP
NASDAQ,GNLN
OTC,VAPR
NASDAQ,XBIO
NASDAQ,SUNE
OTC,MGAM
OTC,TRCK
OTC,NYMXF
OTC,VNTRF
NASDAQ,ULY
OTC,VISL
NASDAQ,JAGX
NASDAQ,TIVC
NASDAQ,RKDA
NASDAQ,NVVE
OTC,SITS
OTC,GIPL
OTC,NGRC
NASDAQ,MOVE
OTC,CAWW
OTC,ECIA
NASDAQ,SGLY
OTC,XITO
OTC,RSCF
OTC,RAFA
NASDAQ,AUUD
OTC,TCEC
OTC,PLPL
NASDAQ,VMAR
NASDAQ,TGL
OTC,SUIC
OTC,CANN
OTC,DOGP
NASDAQ,ACON
OTC,DSNY
OTC,ASPD
OTC,PDRX
OTC,TORM
OTC,LTUM
NASDAQ,SBLX
NASDAQ,SPRB
OTC,HOFV
OTC,ODYY
OTC,LLBO
NASDAQ,VERO
NASDAQ,BBLG
OTC,RNVA
OTC,LBSR
OTC,LIFD
NASDAQ,SHPH
NASDAQ,QNRX
OTC,FNEC
NASDAQ,WBUY
OTC,XONI
OTC,NROM
NASDAQ,ADTX
NASDAQ,JDZG
NASDAQ,TWG
OTC,AATV
OTC,FZMD
OTC,ROSN
OTC,BRQSF
NASDAQ,PMAX
OTC,QIND
OTC,DPLS
OTC,GRHI
OTC,ALTX
NASDAQ,RELI
OTC,TWSI
NASDAQ,GWAV
OTC,ROYL
NASDAQ,NIVF
OTC,ONAR
OTC,LYTHD
OTC,BDCM
OTC,BNCM
NASDAQ,NDRA
OTC,BZYR
NASDAQ,BDRX
OTC,IDXG
OTC,IWSH
NASDAQ,JWEL
NASDAQ,MYSZ
OTC,ADXS
OTC,BLIAQ
NASDAQ,INDP
OTC,FUNI
OTC,MITI
AMEX,TOVX
NASDAQ,SGBX
OTC,STGZ
AMEX,AZTR
OTC,EVOL
OTC,RVBR
OTC,NWRV
OTC,QWTR
OTC,TOFB
OTC,IRME
OTC,GTCH
NYSE,KUKE
OTC,ZPTA
OTC,LEVGQ
NASDAQ,ELAB
NASDAQ,IVF
OTC,YELLQ
NASDAQ,NITO
OTC,BIEL
OTC,CAPC
OTC,ETER
OTC,CRVH
OTC,FMHS
NASDAQ,SLRX
NASDAQ,IMTE
NASDAQ,DRMA
OTC,GNRSQ
OTC,KOSK
NASDAQ,DGLY
NASDAQ,LXEH
NASDAQ,TRUG
OTC,ASRE
OTC,UTRX
OTC,BIOE
AMEX,VTAK
NASDAQ,IVDA
OTC,HYEG
OTC,DEWY
NASDAQ,HIND
NASDAQ,LICN
OTC,VISM
NASDAQ,RETO
OTC,NDEV
NASDAQ,FRGT
OTC,AWAW
OTC,EEGI
NASDAQ,CJET
OTC,RAKR
AMEX,PW
NASDAQ,NAAS
OTC,HGYN
OTC,MSCH
OTC,OWPC
NASDAQ,REVB
OTC,BRVO
OTC,SPCO
OTC,TPHS
OTC,SSUP
OTC,CBTC
OTC,AVVH
OTC,EESE
OTC,WTXR
OTC,GESI
OTC,SGTM
NASDAQ,STFS
OTC,FORW
OTC,EATR
OTC,NUVI
NASDAQ,NUWE
OTC,APRU
OTC,APTOF
OTC,PHSE
OTC,MWAI
NASDAQ,BENF
OTC,FMNJ
OTC,KCRD
OTC,IFBC
OTC,PVRS
OTC,SNBH
OTC,ZUKI
OTC,TUTH
OTC,LUVU
OTC,GRLF
OTC,BSPK
OTC,WDLF
OTC,AMTY
OTC,CRTD
OTC,MVCO
OTC,BWMG
OTC,VPRB
OTC,LTFD
OTC,LIPO
OTC,CPMV
NASDAQ,BLMZ
OTC,RNVT
OTC,RJDG
NASDAQ,UOKA
OTC,KOAN
NASDAQ,AKAN
OTC,BRST
OTC,SVIN
OTC,QUAN
OTC,AHRO
NASDAQ,PRFX
OTC,VYRE
OTC,CSOC
OTC,NBRI
OTC,CNTGF
OTC,MONI
OTC,BPPTU
OTC,ACRL
NASDAQ,GTBP
OTC,KNOS
NASDAQ,TAOP
OTC,IGPK
OTC,MDTC
OTC,CTHR
OTC,FECOF
OTC,MGUY
NASDAQ,VRAX
OTC,SDTTU
NASDAQ,STKH
OTC,EZOO
OTC,LBRG
OTC,RTCJF
OTC,AIMH
OTC,VPER
NASDAQ,JFBR
OTC,NUMD
OTC,ABLT
OTC,BLQC
OTC,BTZI
NASDAQ,AIHS
NASDAQ,FAMI
OTC,MODVQ
OTC,PKTX
OTC,BBLR
OTC,ATXI
OTC,ASPU
OTC,VYST
OTC,CYAN
OTC,IWAL
OTC,UCASU
OTC,IVHI
NASDAQ,GIBO
NASDAQ,UPC
OTC,TMMI
OTC,CTNR
OTC,SFIO
OTC,CNRC
OTC,SIPN
OTC,TLDE
OTC,OPTI
OTC,SENR
NASDAQ,TANH
OTC,KYNC
OTC,NEXD
OTC,AMLM
OTC,CRDV
OTC,GTLL
OTC,TONR
OTC,HQGE
OTC,MAJI
NASDAQ,SPRC
NASDAQ,WORX
OTC,ENRT
OTC,STEK
OTC,GRNL
NASDAQ,YAAS
OTC,STRH
OTC,HPNN
NASDAQ,BJDX
OTC,ESMC
NASDAQ,PBM
NASDAQ,CETX
OTC,GVSI
OTC,WINT
OTC,ZCAR
OTC,FLOD
OTC,FRZT
OTC,QSJC
OTC,NWPID
NASDAQ,UK
OTC,RREE
NASDAQ,CDT
OTC,VGLS
NASDAQ,TC
OTC,PNYG
OTC,DRCR
OTC,GTVH
OTC,WNFT
OTC,TRTI
OTC,AGTT
NASDAQ,MSPR
OTC,KAYS
OTC,SPTY
OTC,MMEX
OTC,PGOL
OTC,FUST
OTC,LTCP
OTC,CYCL
OTC,LBUY
OTC,CPMD
OTC,VCNX
OTC,VSMR
OTC,WHLMD
NASDAQ,ENVB
OTC,BMXI
NASDAQ,AEMD
OTC,SLDX
NASDAQ,SMX
OTC,FTCHQ
OTC,ITNF
OTC,MNTR
OTC,SRNE
OTC,SRMX
OTC,EHVVF
OTC,PTOS
OTC,BDCC
OTC,PWCO
OTC,SHMN
OTC,PSGR
OTC,EBYH
OTC,MDMP
OTC,BKTH
OTC,CNNA
OTC,LGMK
OTC,DRNK
OTC,CLRI
OTC,RMHB
OTC,SYIN
OTC,VSTTF
OTC,VXIT
OTC,WLAN
OTC,PRDL
OTC,AGTX
OTC,PYBX
OTC,ELRA
OTC,EVFM
OTC,BMCS
OTC,BONL
OTC,AGSS
OTC,GEGP
NASDAQ,CISS
OTC,NMHI
OTC,DGNG
OTC,TRAC
OTC,SFWJ
OTC,BYOC
OTC,UAHC
OTC,CMGR
OTC,CSUI
OTC,UCLE
OTC,AIPG
OTC,TIPS
OTC,WHLT
OTC,NUGL
OTC,ABQQ
OTC,TKOI
OTC,WWRL
OTC,IDVV
OTC,TPICQ
OTC,ECRO
OTC,GLUC
OTC,AXIM
OTC,NASC
NASDAQ,XHG
OTC,GJST
OTC,BSEG
OTC,GRST
OTC,GMNI
OTC,IGEX
OTC,ENMI
OTC,SRCH
OTC,HDUP
OTC,OMID
OTC,ADHI
OTC,CYPE
OTC,ASCC
OTC,SODE
OTC,RNGC
OTC,NBCO
OTC,IVRO
OTC,TVTV
OTC,SCNA
OTC,AMMX
OTC,GRLT
OTC,FUNN
OTC,ADHC
OTC,SRGZ
OTC,HSTA
OTC,TREP
OTC,CGLD
OTC,HMTC
OTC,LICH
OTC,TTNN
OTC,EXMT
OTC,PITEF
OTC,XELA
OTC,PEGXD
OTC,PTCO
OTC,VAYK
OTC,TRRE
OTC,GSFD
OTC,ALOD
OTC,VAXX
OTC,SBIG
OTC,OCEA
OTC,BLFR
OTC,SPEV
OTC,HNDI
OTC,PRPI
OTC,ZAPPF
OTC,BLEG
OTC,EPAZ
OTC,BLDV
OTC,SEAV
OTC,EEEP
OTC,CBDD
OTC,NKLAQ
OTC,GRTX
OTC,XAGE
OTC,DTII
OTC,STEV
OTC,EDXC
OTC,CNER
OTC,ALID
OTC,CAVG
OTC,OMQS
OTC,GOGY
OTC,NAUH
OTC,ILUS
OTC,USAQ
OTC,VINS
OTC,DMNIF
OTC,ARTM
OTC,LLLI
OTC,CTTH
OTC,NNRI
OTC,BINP
OTC,CYDX
OTC,NBIO
OTC,ZVSA
OTC,SVLT
OTC,NSTM
OTC,ENZC
OTC,JSHG
OTC,BDVB
OTC,AXXA
OTC,SAFS
OTC,CGRA
OTC,ALDS
OTC,HGAS
OTC,PLSH
OTC,EUSP
OTC,UNDR
OTC,UMGP
OTC,CRKN
OTC,ICTY
OTC,MJNA
OTC,APTY
OTC,ENCC
NASDAQ,SCNI
OTC,GXXY
OTC,KACLF
OTC,IFXY
OTC,SVAD
OTC,KLYG
OTC,PTPI
OTC,INKW
OTC,HAWEL
OTC,CBDY
OTC,TNBI
OTC,FRTN
OTC,ISCO
OTC,OWUV
OTC,UNBX
OTC,SBUM
OTC,DTRK
OTC,NGMC
OTC,MNDP
OTC,GSPI
AMEX,DXF
OTC,TLIF
OTC,NRBT
OTC,OODH
OTC,BBLC
OTC,OZSC
NASDAQ,ZNB
OTC,HBRM
OTC,TAPM
OTC,CPWR
OTC,RCHN
OTC,GMER
OTC,DBMM
NASDAQ,LGHL
OTC,PVSP
OTC,IHAI
OTC,IDTA
OTC,ANAS
NASDAQ,EZGO
OTC,AAMCF
OTC,HALB
OTC,MFCO
OTC,PPJE
OTC,BRLL
OTC,NWTT
OTC,RBDC
OTC,ESSI
OTC,TFGL
OTC,LQWC
OTC,PCYN
OTC,RMTG
OTC,MCLE
OTC,VNUE
OTC,NTRR
OTC,HWKE
OTC,TBIO
OTC,CATV
OTC,LBAS
OTC,EGYF
OTC,JRSS
OTC,TQLBD
OTC,NXEN
OTC,SVUHF
OTC,SYRA
OTC,MDCE
OTC,STHI
OTC,SQZB
OTC,SKVI
OTC,ACMB
OTC,AIBT
OTC,DYNT
OTC,HXBM
OTC,DRNG
OTC,SEGI
OTC,NIMU
OTC,SANW
OTC,QTTOY
OTC,SMKG
OTC,ARRT
OTC,CBDL
OTC,GLAE
OTC,BIEI
OTC,AGGI
OTC,MRGE
OTC,CWPE
OTC,AQPW
OTC,NFTI
OTC,TPTW
OTC,KITL
OTC,CGNO
OTC,HSCC
OTC,PHCG
OTC,LADX
OTC,WRIT
OTC,NGCG
OTC,CXCQ
OTC,NPHC
OTC,STJO
OTC,LIGA
OTC,EMMA
OTC,YECO
OTC,CVHL
OTC,ALCED
OTC,DMAN
OTC,NRHI
OTC,SCPX
OTC,TMXN
OTC,ERBB
OTC,LMPX
OTC,PHBI
OTC,MKGP
OTC,ASKE
OTC,MRDH
OTC,BMSPF
OTC,VNTH
OTC,CLOW
OTC,FRCB
OTC,JEWL
OTC,NFSN
OTC,HEPA
OTC,SHMP
OTC,CCAJ
OTC,SKPO
OTC,CBGH
OTC,GBEI
OTC,PRMO
OTC,BFCH
OTC,CSOL
OTC,WDRP
OTC,AFFU
OTC,TDRK
OTC,EAWD
OTC,SLDC
OTC,LVVV
OTC,MJLB
OTC,CAFS
OTC,TLSS
OTC,SRAX
OTC,GKIT
OTC,ILST
OTC,JFIL
OTC,BPTH
OTC,GYST
OTC,BEGI
OTC,DHCC
OTC,TAKD
OTC,MSMY
OTC,RLTR
OTC,JPPYY
OTC,FMTOF
OTC,WPUR
OTC,GRPS
OTC,QYBX
OTC,STSN
OTC,MGCV
OTC,RTON
OTC,AOXG
OTC,ZVLO
OTC,ASII
OTC,ITRX
OTC,DDDX
OTC,AUMC
OTC,TSOI
OTC,MDRM
OTC,CTKYY
OTC,FBCD
OTC,BZWR
OTC,HWNI
OTC,RMHI
OTC,DRJG
OTC,SONG
OTC,POGS
OTC,SKFG
OTC,SNAX
OTC,MENXF
OTC,PNNX
OTC,HADV
OTC,IENT
OTC,FCGD
OTC,HCMC
OTC,MDEX
OTC,NXGT
OTC,PUGE
OTC,AERS
OTC,CCWF
OTC,ZMRK
OTC,GWTR
OTC,ECPL
OTC,GETR
OTC,CAVR
OTC,GYGC
OTC,ITNS
OTC,PKLE
OTC,NIHK
OTC,GFMH
OTC,SNNC
OTC,FTEG
OTC,WOLV
OTC,WCCP
OTC,SBSAA
OTC,SATT
OTC,MMMW
OTC,LVCE
OTC,QPRC
OTC,TKMO
OTC,LNTO
OTC,RGBP
OTC,ELIQQ
OTC,CRBO
OTC,SVVC
OTC,FCHS
OTC,ATWT
OTC,REOS
OTC,STTX
OTC,VCBD
OTC,GGSM
OTC,IDEA
OTC,GREH
OTC,ITFY
OTC,DTSL
OTC,WEBB
OTC,BSFC
OTC,SRBT
OTC,GMBL
OTC,SNPW
OTC,NSGP
OTC,HBIE
OTC,MLMN
OTC,CGUD
OTC,HENI
OTC,RSPI
OTC,AOXY
OTC,SIPC
OTC,BZTG
OTC,CRTG
OTC,GPFT
OTC,JETR
OTC,AJOY
OTC,FYNN
OTC,FRQN
OTC,PNSTQ
OTC,ONCI
OTC,BDPT
OTC,PSRU
OTC,NNAX
OTC,BCII
OTC,MSRM
OTC,TMSH
OTC,CYTOF
OTC,EARI
OTC,SMGI
OTC,GCAN
OTC,XCPL
OTC,NASO
OTC,GMPW
OTC,GZIC
OTC,RDGA
OTC,OMTK
OTC,VSST
OTC,BLPG
OTC,UAPC
OTC,INQD
OTC,GRVE
OTC,DROP
OTC,DFTC
OTC,FOXO
OTC,SNTX
OTC,DSOL
OTC,NCNCF
OTC,ITOX
OTC,BACK
OTC,FAASF
OTC,MARK
OTC,VGTL
OTC,BDRL
OTC,NXUR
OTC,MCOM
OTC,RBLK
OTC,LDTCF
OTC,ALYI
OTC,DPUI
OTC,GMZP
OTC,ATIG
OTC,NBND
OTC,ABTI
OTC,APSI
OTC,NUVM
OTC,SBES
OTC,AAGR
OTC,CYIO
OTC,LVGI
OTC,ERHE
OTC,HUMT
OTC,BCAP
OTC,SKYI
OTC,PTAM
OTC,GSTX
OTC,TTOO
OTC,PMPG
OTC,HUML
OTC,CMGO
OTC,FTRS
OTC,DLTI
OTC,VINC
OTC,WINSF
OTC,TTCM
OTC,AGIN
OTC,NEOM
OTC,VHAI
OTC,NGHI
OTC,MGTI
OTC,VDRM
OTC,JTBK
OTC,PCLI
OTC,KGKG
OTC,SPQS
OTC,PBLA
OTC,AMMJ
OTC,ACCR
OTC,RGRX
OTC,GXXM
OTC,MAPT
OTC,CBDG
OTC,RMRK
OTC,LFLYD
OTC,ESYL
OTC,UAMM
OTC,UBYH
OTC,BBOE
OTC,VIAOY
OTC,SWRM
OTC,QEDN
OTC,WGNR
OTC,STHC
OTC,GSAC
OTC,JADA
OTC,IGOT
OTC,JNSH
OTC,BYSD
OTC,LPTV
OTC,BUSC
OTC,WNRS
OTC,USDP
OTC,KRFGD
OTC,UATG
OTC,MOPN
OTC,GAMN
OTC,ENHD
OTC,WTER
OTC,CNHC
OTC,SAML
OTC,BGXXQ
OTC,CGAC
OTC,SPOWF
OTC,SPOM
OTC,PNXP
OTC,GNCP
OTC,TMGI
OTC,SHWZ
OTC,DNAX
OTC,EMED
OTC,CLEUF
OTC,JPEX
OTC,LEEN
OTC,MHRE
OTC,PSWW
OTC,AGYP
OTC,OTRKQ
OTC,BCDS
OTC,MLRT
OTC,VMHG
OTC,CGBSF
OTC,VINO
OTC,SGDHD
OTC,MASN
OTC,DLPX
OTC,VDKB
OTC,DVLP
OTC,IDGR
OTC,AIAD
OTC,CBMJ
OTC,NFTM
OTC,TKLS
OTC,MCIC
OTC,ATDS
OTC,SONX
OTC,SKYC
OTC,LPPI
OTC,FOYJ
OTC,RGFC
OTC,ECDD
OTC,INNI
OTC,CDNO
OTC,HMLA
OTC,CDSG
OTC,UPIN
OTC,ARCS
OTC,ORGS
OTC,PLFX
OTC,SNMN
OTC,ECOX
OTC,IPIX
OTC,MVLA
OTC,FSTF
OTC,NWPG
OTC,IKTO
OTC,HAUP
OTC,MYRX
OTC,BFYW
OTC,IDEXQ
OTC,ETRXF
OTC,NVOS
OTC,RECX
OTC,STAL
OTC,LTUS
OTC,CANL
OTC,INCC
OTC,HALL
OTC,STBXF
OTC,AMLH
OTC,UVSE
OTC,MTEI
OTC,VNTN
OTC,ERFB
OTC,FKST
OTC,MTRT
OTC,ELGL
OTC,GBLX
OTC,SMIT
OTC,DGWR
OTC,IFAN
OTC,MEDH
OTC,EQLB
OTC,PXFG
OTC,RWMI
OTC,WTII
OTC,PJET
OTC,ARDS
OTC,AWON
OTC,CLHI
OTC,OCLG
OTC,DNAG
OTC,TZPC
OTC,NFEI
OTC,COUV
OTC,CSDX
OTC,SSET
OTC,BISA
OTC,AAGC
OTC,GGII
OTC,AVOZ
OTC,HIPH
OTC,TKCI
OTC,USRM
OTC,SETO
OTC,SBDG
OTC,URBT
OTC,REFG
OTC,CEOS
NASDAQ,BINI
OTC,VNTA
OTC,GBXI
OTC,ARGQ
OTC,LDSN
OTC,HENC
OTC,ELST
OTC,ICCT
OTC,TKVR
OTC,EGTK
OTC,AVEW
OTC,GLEC
OTC,SRKE
OTC,NVGT
OTC,APGP
OTC,CNNC
OTC,HYDI
OTC,GARB
OTC,USWF
OTC,RGGI
OTC,XALL
OTC,USCS
OTC,ACGX
OTC,DKGR
OTC,USRI
OTC,ECPN
OTC,SPSO
OTC,FCUL
OTC,EMGE
OTC,QEBR
OTC,SMFL
OTC,USTC
OTC,HDVY
OTC,AXMP
OTC,APWL
OTC,TGMR
OTC,SAPX
OTC,GROO
OTC,FRMA
OTC,SDCCQ
OTC,EXBX
OTC,SSUNF
OTC,PVNNF
OTC,EMBR
OTC,EVSV
OTC,NXMR
OTC,TPII
OTC,BAYP
OTC,GADS
OTC,HYGN
OTC,GMPR
OTC,WMGR
OTC,PCHK
OTC,PIFR
OTC,WSRC
OTC,TRBO
OTC,AFFY
OTC,GEMZ
OTC,YUKA
OTC,VFRM
OTC,NTRU
OTC,VTXB
OTC,STRG
OTC,SING
OTC,FITY
OTC,ENDV
OTC,BORK
OTC,VRPX
OTC,SOFE
OTC,VPRO
OTC,NTLK
OTC,RMTD
OTC,UBQU
OTC,GOEVQ
OTC,MDCN
OTC,SEII
OTC,CHME
OTC,JOEY
OTC,AILEQ
OTC,CIVX
OTC,CNBX
OTC,PYCT
OTC,VPOR
OTC,CUEN
OTC,AFIB
OTC,TRSI
OTC,ETII
OTC,CRTL
OTC,GMVDF
OTC,ASHI
OTC,SPIEF
OTC,NOVAQ
OTC,ECEZ
OTC,ITVI
OTC,GNIS
OTC,GTOR
OTC,OPVS
OTC,NHVP
OTC,AMRU
OTC,ENSV
OTC,RTSL
OTC,SAKL
OTC,ARSC
OTC,MLPH
OTC,PTLF
OTC,ICNM
OTC,SCNG
OTC,WTKN
OTC,TGGI
OTC,BDGR
OTC,SLNAF
OTC,LSCG
OTC,MMMM
OTC,COWI
OTC,MDXL
OTC,PBIO
OTC,THCT
OTC,NAVB
OTC,MCOA
OTC,GRMC
OTC,AMIH
OTC,UPDC
OTC,PSSR
OTC,AHFI
OTC,EVIO
OTC,HSMD
OTC,VYGVQ
OTC,EFIR
OTC,RBNW
OTC,HESG
OTC,BRZV
OTC,LBTI
OTC,EWLL
OTC,IDGC
OTC,SOEN
OTC,AURI
OTC,NTGL
OTC,YRIV
OTC,LOTE
OTC,HEMP
OTC,HLOC
OTC,ITMC
OTC,XDSL
OTC,TGRO
OTC,GCHK
OTC,PRST
OTC,DCLT
OTC,BGEM
OTC,LZGI
OTC,NNRX
OTC,MRNJ
OTC,AOLS
OTC,MLCG
OTC,URYL
OTC,EBET
OTC,LEAI
OTC,CELX
OTC,SEEK
OTC,HAON
OTC,GGEI
OTC,ELIO
OTC,ULTRF
OTC,SNWR
OTC,GTEH
OTC,URHG
OTC,USMJ
OTC,KPOC
OTC,JAMN
OTC,ONPH
OTC,HDII
OTC,ALPP
OTC,UVFT
OTC,KRBPQ
OTC,ACUR
OTC,PMDP
OTC,KEGS
OTC,VCST
OTC,FLMP
OTC,ORHB
OTC,TEGR
OTC,SCPS
OTC,FLXT
OTC,HOMU
OTC,SGMD
OTC,XSNX
OTC,AECX
OTC,DVAR
OTC,BKMP
OTC,NTAC
OTC,SKVY
OTC,EFLN
OTC,LEHLQ
OTC,NNLX
OTC,CMFO
OTC,KGET
OTC,LTGJ
OTC,RNWF
OTC,FTXP
OTC,ATNPQ
OTC,ZPAS
OTC,WEJOF
OTC,SIRC
OTC,WCIG
OTC,PRPM
OTC,APVS
OTC,RKFL
OTC,HLTT
OTC,BLSP
OTC,DBLR
OTC,EVKG
OTC,TRVN
OTC,INND
OTC,ECGI
OTC,WWII
OTC,LBYE
OTC,ALST
OTC,MCHA
OTC,AVRI
OTC,SSTT
OTC,BRYN
OTC,VULC
OTC,EMLL
OTC,IFMK
OTC,CGNH
OTC,JFTH
OTC,ZAAG
OTC,EVLO
OTC,EGOXF
OTC,JKSM
OTC,MSPC
OTC,ADFS
OTC,APHD
OTC,JAGR
OTC,AFOM
OTC,CGHC
OTC,GRSO
OTC,GSIH
OTC,INFIQ
OTC,BIGGQ
OTC,MCNO
OTC,HYHY
OTC,SVTE
OTC,DUUO
OTC,FWDG
OTC,PGVI
OTC,CATKU
OTC,MONDQ
OTC,HYWS
OTC,REAC
OTC,ALKM
OTC,MDIT
OTC,PSYC
OTC,MTVX
OTC,RONN
OTC,IPWG
OTC,GSRX
OTC,RSHN
OTC,ACNV
OTC,LCCN
OTC,ALIF
OTC,SSOK
OTC,AVRW
OTC,BTAX
OTC,IMJX
OTC,MAXD
OTC,XFCI
OTC,CEVE
OTC,HVCW
OTC,AFML
OTC,SKPI
OTC,MNGG
OTC,AMXX
OTC,GLFN
OTC,CNWT
OTC,CHAG
OTC,NRGT
OTC,ELYS
OTC,NOHO
OTC,SWWI
OTC,SPEC
OTC,GLSHQ
OTC,STAB
OTC,YAYO
OTC,SDNI
OTC,FRBKQ
OTC,NAFS
OTC,ASFX
OTC,NXGB
OTC,RBTC
OTC,VMRI
OTC,ELCR
OTC,ANDR
OTC,ESNC
OTC,FUTL
OTC,BRSHF
OTC,BBIG
OTC,HFBG
OTC,BCCI
OTC,GSFI
OTC,MBCI
OTC,CENBF
OTC,WLAB
OTC,PDRO
OTC,TGIC
OTC,QTCI
OTC,MVES
OTC,KNKT
OTC,THER
OTC,BWVI
OTC,GNAL
OTC,BTIM
OTC,NSAV
OTC,AMCT
OTC,GOLQ
OTC,FBEC
OTC,ASTAQ
OTC,PNGM
OTC,MWWC
OTC,WDDD
OTC,NBRY
OTC,PSCR
OTC,SGLN
OTC,PHOT
OTC,NTPY
OTC,HTDS
OTC,AGILQ
OTC,BTTX
OTC,MHHC
OTC,GMEV
OTC,BOTY
OTC,SYEV
OTC,EKCS
OTC,CNXS
OTC,EGOC
OTC,GRCU
OTC,ACTX
OTC,GASE
OTC,STTO
OTC,AFYG
OTC,CGLO
OTC,MCET
OTC,DSCR
OTC,SGTB
OTC,MDAW
OTC,RTGC
OTC,ETNI
OTC,LOCM
OTC,SFRT
OTC,OMHI
OTC,GKIN
OTC,EUOT
OTC,JRJRQ
OTC,BOPO
OTC,HPCO
OTC,SLCO
OTC,AFPW
OTC,VSPC
OTC,ZRFY
OTC,WDHR
OTC,JUMT
OTC,FITX
OTC,VIZG
OTC,COSG
OTC,LIFS
OTC,SGNI
OTC,CBIA
OTC,USPS
OTC,MTNX
OTC,POLR
OTC,OPMG
OTC,CHWE
OTC,IPRC
OTC,TACI
OTC,CSKD
OTC,NXTFF
OTC,AEGY
OTC,EURI
OTC,GSPE
OTC,NMRD
OTC,REMI
OTC,IGRW
OTC,TBEV
OTC,THRA
OTC,CBKCQ
OTC,UPHL
OTC,CSTF
OTC,NMXS
OTC,CCTL
OTC,BLUU
OTC,PUMD
OTC,ARVLF
OTC,CGSI
OTC,IMTL
OTC,EESO
OTC,FFZY
OTC,GROM
OTC,DEWM
OTC,AVIX
OTC,TGHI
OTC,PTTN
OTC,ZVOI
OTC,NUVOQ
OTC,FRXX
OTC,ERGO
OTC,DEER
OTC,OBCN
OTC,NHMD
OTC,WNRC
OTC,CHGI
OTC,PDMI
OTC,CSSEQ
OTC,IGEN
OTC,RBSH
OTC,YGFGF
OTC,NFSE
OTC,KGRI
OTC,CCGY
OTC,CTBG
OTC,ACFL
OTC,CMRA
OTC,EVLI
OTC,AMPE
OTC,CGIP
OTC,HMNY
OTC,SYVC
OTC,HMPQ
OTC,TXMC
OTC,MDMN
OTC,EAUI
OTC,DKAM
OTC,LEJUY
OTC,CLRD
OTC,RLBD
OTC,SYRS
OTC,ATCC
OTC,USEI
OTC,OPMZ
OTC,BBLNF
OTC,GPAK
OTC,FORZ
OTC,PAOG
OTC,VRVR
OTC,BHILQ
OTC,ACAN
OTC,YVRLF
OTC,AMNI
OTC,DRWN
OTC,CBYI
OTC,OVIT
OTC,INTK
OTC,WCYN
OTC,FDBL
OTC,WQNI
OTC,SPRN
OTC,ULGX
OTC,AFIIQ
OTC,XCLL
OTC,VIVE
OTC,DKTS
OTC,PGIE
OTC,NTBLQ
OTC,EMWPF
OTC,BRAV
OTC,GPDB
OTC,FUIG
OTC,BONTQ
OTC,ITRO
OTC,BMGP
OTC,HPMM
OTC,YSGG
OTC,TIXC
OTC,BMXC
OTC,GAHC
OTC,ANCE
OTC,AMHGQ
OTC,APPZ
OTC,NSLPQ
OTC,OBDP
OTC,COMS
OTC,DATI
OTC,THMO
OTC,VICA
OTC,DOMR
OTC,BLFE
OTC,SLCH
OTC,SIMPQ
OTC,ATTOF
OTC,CIWT
OTC,PSSS
OTC,AFMDQ
OTC,BETSF
OTC,AEXE
OTC,TXIC
OTC,BOMO
OTC,GERS
OTC,APPB
OTC,TOMDF
OTC,LGBS
OTC,ROCLF
OTC,MEIL
OTC,IBGR
OTC,ALME
OTC,COHG
OTC,GCLL
OTC,SINCD
OTC,GSTC
OTC,DBGF
OTC,MKDTY
OTC,SOPV
OTC,SOFO
OTC,MLHC
OTC,KGJI
OTC,NUUU
OTC,UFABQ
OTC,ITKH
OTC,BIMI
OTC,DSUS
OTC,PURA
OTC,THBD
OTC,TNEN
OTC,QNXC
OTC,MILC
OTC,MNZO
OTC,PXMD
OTC,SOHI
OTC,VHLD
OTC,EHOS
OTC,DMKPQ
OTC,OPGN
OTC,RIBT
OTC,TRBD
OTC,OMHE
OTC,ADVT
OTC,GDSI
OTC,NLMP
OTC,SRSR
OTC,FUVV
OTC,LITH
OTC,EFTR
OTC,EAPH
OTC,VJTTY
OTC,BIORQ
OTC,CRGP
OTC,MMTC
OTC,NOUV
OTC,GDET
OTC,UTRS
OTC,IRIG
OTC,ISVG
OTC,HMNU
OTC,WARM
OTC,HSTOQ
OTC,RBZHF
OTC,LCDX
OTC,FONU
OTC,JBZY
OTC,MFLTY
OTC,XTRM
OTC,PCTL
OTC,ABILF
OTC,GIGAQ
OTC,PRXIQ
OTC,SCLF
OTC,HCGS
OTC,CSLI
OTC,PASO
OTC,TPNI
OTC,DLOC
OTC,MNIZ
OTC,ITEC
OTC,SECOY
OTC,DLAPQ
OTC,INLB
OTC,CLVR
OTC,KIWB
OTC,SHPWQ
OTC,ISOL
OTC,ZEVY
OTC,BEHL
OTC,GLBR
OTC,ROBK
OTC,CNVT
OTC,NXTP
OTC,CBNT
OTC,ONCSQ
OTC,ROSGQ
OTC,GBHL
OTC,CBGL
OTC,MHTX
OTC,SMFX
OTC,WOWI
OTC,ZENG
OTC,BZRT
OTC,BNGI
OTC,RBII
OTC,OWCP
OTC,HRAL
OTC,AHFD
OTC,CALA
OTC,GLCO
OTC,ATTBF
OTC,OTTV
OTC,SINX
OTC,AUVI
OTC,MERR
OTC,MTRO
OTC,ARTHQ
OTC,WLGSF
OTC,SPOI
OTC,GWMGF
OTC,AIVN
OTC,MOMT
OTC,PIKM
OTC,GRNH
OTC,BSSP
OTC,SKTO
OTC,MKRYF
OTC,DECN
OTC,SPYR
OTC,IWSY
OTC,NWOL
OTC,FPWM
OTC,ROII
OTC,RENU
OTC,NBRVF
OTC,DMCD
OTC,MDLM
OTC,SPRV
OTC,BBDA
OTC,LGIQ
OTC,NEXI
OTC,AWIN
OTC,ALLGF
OTC,LRDG
OTC,BIOCQ
OTC,GSLO
OTC,TSCC
OTC,GAWK
OTC,ETEK
OTC,AZFL
OTC,SYSX
OTC,ACAI
OTC,MRRCF
OTC,CRYM
OTC,UMAX
OTC,NNYR
OTC,KRED
OTC,PHCFF
OTC,FLRE
OTC,ANFIF
OTC,AMIN
OTC,HTGMQ
OTC,ERINQ
OTC,TVOG
OTC,POLCQ
OTC,PUDA
OTC,GGBXF
OTC,SNVP
OTC,RBTI
OTC,NUGS
OTC,VRAYQ
OTC,MRIB
OTC,NTEK
OTC,LSDIF
OTC,VALV
OTC,FFRMF
OTC,LVCA
OTC,STAFQ
OTC,MAHI
OTC,COFE
OTC,XYNH
OTC,HLTHQ
OTC,DSGT
OTC,NWGC
OTC,YUMAQ
OTC,AKTSQ
OTC,PARD
OTC,AEYGQ
OTC,FREHY
OTC,QBIO
OTC,BSGC
OTC,CNTTQ
OTC,AWWI
OTC,PTOI
OTC,BLKCF
OTC,PLYZ
OTC,WCUI
OTC,UAMA
OTC,PPBV
OTC,RVLPQ
OTC,OPUS
OTC,RRRI
OTC,ICNB
OTC,CCOB
OTC,PDPR
OTC,BELR
OTC,DLGI
OTC,KALRQ
OTC,HBIS
OTC,STWC
OTC,VOIS
OTC,TTCFQ
OTC,PEHD
OTC,POOSF
OTC,STIXF
OTC,CDXI
OTC,QOIL
OTC,ATHC
OTC,SOFT
OTC,CDIV
OTC,NXTH
OTC,BPIGF
OTC,UMAV
OTC,NCEN
OTC,YTENQ
OTC,ENDO
OTC,MOTS
OTC,ATHXQ
OTC,ATPL
OTC,SAEI
OTC,SHCC
OTC,GNCAQ
OTC,OEDVQ
OTC,MJNE
OTC,SUNWQ
OTC,BANT
OTC,GIBX
OTC,GPLDF
OTC,ISUNQ
OTC,HLLXF
OTC,LICYQ
OTC,LFIN
OTC,FEWP
OTC,XREG
OTC,KLDO
OTC,IHTI
OTC,CYPS
OTC,TNGNQ
OTC,TWER
OTC,DZSIQ
OTC,NXRA
OTC,BIOLQ
OTC,RENO
OTC,APYI
OTC,ARTR
OTC,HYREQ
OTC,TMPOQ
OTC,NXGM
OTC,TRAE
OTC,VIEWF
OTC,ANTH
OTC,BNXR
OTC,VRCI
OTC,CHNGQ
OTC,AZDDQ
OTC,PTRC
OTC,HDIH
OTC,OTMN
OTC,XLWH
OTC,ALFIQ
OTC,DLTA
OTC,KBNT
OTC,NMTRQ
OTC,ASAPQ
OTC,LUXHQ
OTC,FSPM
OTC,BGMD
OTC,FPPP
OTC,TRITF
OTC,CYRNQ
OTC,ATRX
OTC,MMATQ
OTC,ZTTO
OTC,CZOOF
OTC,ZTNO
NASDAQ,SCAG
OTC,ELOX
OTC,BSPM
OTC,TURA
OTC,PWEI
OTC,NYXO
OTC,TCCO
OTC,RRIF
OTC,DCFCQ
OTC,SEELQ
OTC,HLXW
AMEX,FCO
NYSE,BCAT
NYSE,SCE%2FPM
OTC,MOTNF
OTC,GSTK
OTC,BCWG
OTC,MWKES
OTC,LTHUQ
NYSE,FSCO
OTC,XLMDF
OTC,MRWES
OTC,LXGTF
NYSE,RFM
OTC,IDCN
OTC,SUVZ
NYSE,RLTY
NYSE,NPCT
OTC,RENI
OTC,LTSAP
OTC,APPM
NYSE,SCD
OTC,MTRWS
OTC,HLUN
OTC,LHHMQ
NYSE,PDT
NYSE,JOF
OTC,DPER
NASDAQ,PHOE
NYSE,NBXG
NYSE,TPTA
OTC,EBFI
NYSE,NIE
OTC,XYLB
NYSE,SEAL%2FPB
OTC,HMLPF
OTC,SHOM
OTC,RFNS
NYSE,DDT
NYSE,TRTN%2FPA
NYSE,NXJ
OTC,TRWD
NYSE,CDR%2FPB
NYSE,PTA
NASDAQ,MLCI
NYSE,MHLA
OTC,TYHJF
NYSE,EFR
OTC,SADL
NASDAQ,MBNKO
OTC,LBNW
OTC,HWSY
NYSE,HGLB
OTC,NSARO
OTC,PSBYP
OTC,DTLAP
OTC,AENG
NYSE,SDHY
NASDAQ,ZGM
NASDAQ,HMR
AMEX,GLO
NYSE,GJO
NYSE,PRIF%2FPD
NYSE,WBI
NYSE,BNJ
OTC,ASFZ
NASDAQ,BPYPN
NYSE,HYT
AMEX,CHOW
OTC,OREAF
NYSE,EP%2FPC
AMEX,LUD
OTC,SYXXF
NYSE,EVG
NYSE,PCF
OTC,WGMCF
NASDAQ,FMFC
OTC,PWLK
NASDAQ,BPOPM
OTC,INXTF
OTC,MRWBS
OTC,CCFLU
OTC,XCPT
OTC,LTUC
OTC,TZROP
OTC,CRSXQ
OTC,SPONF
NASDAQ,IPST
OTC,ETPHF
OTC,MMSDF
NYSE,TFSA
OTC,MTWJS
OTC,ESGOF
OTC,ISOLF
NYSE,PAXS
OTC,MSWIS
NYSE,EMP
OTC,MSWKS
NASDAQ,OFAL
NYSE,PSEC%2FPA
OTC,RINO
NYSE,NMCO
OTC,BKCPF
OTC,CMLGF
OTC,HGLC
NYSE,OAK%2FPA
OTC,AILLP
NYSE,AEFC
OTC,EFTI
OTC,TIMNF
NYSE,SCE%2FPL
AMEX,TMDE
NYSE,FMN
NYSE,FINS
NASDAQ,FOFO
NYSE,DLY
OTC,FBIP
NASDAQ,EDHL
NYSE,ECAT
OTC,LEHKQ
NYSE,ANG%2FPB
OTC,NMPGY
OTC,CNNN
NYSE,BIPH
NYSE,GLOP%2FPA
OTC,BLIS
OTC,BDIGF
OTC,CYNS
OTC,HRCR
OTC,CNBP
NYSE,GPJA
OTC,VGFCQ
OTC,TISDZ
OTC,VCTY
NYSE,KKRS
NASDAQ,HKPD
OTC,DVFI
OTC,GFLT
OTC,TRCNF
NASDAQ,BMHL
OTC,CLAZF
NYSE,NRUC
OTC,SNRS
NASDAQ,CJMB
NYSE,NDMO
OTC,GHTI
NYSE,MCI
NYSE,NPFD
OTC,PREJF
OTC,KKUR
OTC,MKRFS
OTC,EQTD
OTC,ICOA
NYSE,PTY
OTC,TCHH
NYSE,FTHY
OTC,PRTOF
NYSE,KTF
OTC,INOW
NYSE,RMMZ
NYSE,GJR
OTC,MWRLS
NASDAQ,PLTS
NASDAQ,JEM
OTC,BHDB
OTC,MSWAS
OTC,PLQC
OTC,ENTI
NYSE,PYT
NYSE,KTN
OTC,MIBE
OTC,JAGL
NYSE,ETI%2FP
OTC,MWKSS
OTC,MWOCS
OTC,CLCL
OTC,BLLB
NYSE,RFMZ
OTC,IDIG
NYSE,PDX
OTC,FITSF
NYSE,IDE
OTC,BTAEF
OTC,AFNL
NASDAQ,BANFP
NASDAQ,SDM
OTC,FUUN
OTC,RCMH
NYSE,RMM
NYSE,BNH
OTC,AMNNF
OTC,RIGH
OTC,AFFL
OTC,BZAMF
OTC,GLLL
OTC,ESGRF
NYSE,CTA%2FPA
NASDAQ,MJID
OTC,SLLFF
NYSE,ATCO%2FPH
OTC,MDDM
OTC,ERAO
NASDAQ,ICON
OTC,ZHDM
OTC,GRBG
OTC,GBCHF
NYSE,GJT
OTC,BIOAF
NYSE,GJH
OTC,VVWT
OTC,MAOMF
OTC,VMTF
OTC,SDXEF
NASDAQ,CGABL
OTC,VIZC
NYSE,BTX
OTC,ALEAF
OTC,ILDO
NASDAQ,HCHL
OTC,PMMEF
OTC,WNBD
OTC,MCDIF
NYSE,ELC
NASDAQ,TBLD
OTC,AIUG
OTC,FCCI
OTC,SEAOF
OTC,PSBZP
NYSE,ATH%2FPA
NYSE,BMEZ
OTC,NOWG
OTC,MGNC
OTC,CHALF
NYSE,HEQ
OTC,FILG
NYSE,ASGI
OTC,MTWPS
OTC,GSDC
OTC,AATRL
OTC,WYTC
OTC,LIBP
OTC,CSEC
OTC,OAKC
OTC,MANA
OTC,SRLY
OTC,MSSEL
OTC,ZHUD
NYSE,EIIA
OTC,PFSB
OTC,LUCN
OTC,TNMD
OTC,TJSS
OTC,IPCIQ
NYSE,BEPH
OTC,XLPI
OTC,LEHNQ
OTC,TTTSF
NYSE,MHNC
OTC,LYJN
OTC,SBBG
NYSE,GDL
OTC,PSBXP
OTC,GLIV
OTC,MSFFS
OTC,TANAF
OTC,RPDL
NYSE,SCE%2FPK
OTC,FUNFF
OTC,ILIM
OTC,RMXI
NASDAQ,STAK
OTC,AHLAS
OTC,MWZFS
OTC,SUTI
NYSE,SPE
NASDAQ,FBGL
NYSE,MEGI
NASDAQ,RUBI
OTC,VITFF
OTC,MVFTS
OTC,BCON
OTC,STXMF
OTC,CHRB
OTC,MGNO
OTC,WBQNL
OTC,BITW
OTC,SPBV
NYSE,GJP
NYSE,NEE%2FPN
NYSE,BMN
NYSE,SCE%2FPN
NASDAQ,MGN
OTC,TBPMQ
OTC,LMGR
NASDAQ,CPZ
OTC,FOMI
OTC,HZEN
OTC,SFBI
OTC,ADIA
OTC,JPTE
OTC,MWRXS
OTC,BCCB
OTC,RDFD
NASDAQ,ETS
OTC,ZKGCF
OTC,MMNFQ
NYSE,IPB
OTC,VEVMQ
OTC,ITPC
OTC,AUSAF
OTC,FHLD
OTC,GMTH
OTC,MAYX
OTC,MWOSS
OTC,RDEMF
NASDAQ,DLXY
NASDAQ,BPYPM
OTC,MXSXS
OTC,SWYDF
OTC,AWRS
OTC,TRII
NYSE,BIPI
OTC,CNLPL
OTC,GLNK
OTC,BRQL
OTC,GMLPF
OTC,ODOT
OTC,ARHTQ
OTC,CBRA
NYSE,EAI
OTC,CRCE
NYSE,PHD
OTC,GDLG
OTC,GBNW
NASDAQ,LAWR
OTC,AFFS
OTC,ITHR
OTC,ZHCLF
OTC,LKSB
OTC,PRCNF
OTC,CHOOF
OTC,NIKA
OTC,VRTHF
OTC,WFCL
NYSE,GUG
OTC,BKFL
NASDAQ,TPGXL
OTC,NEWEN
OTC,SLMNP
OTC,CBDW
OTC,GXLM
OTC,MSBB
OTC,BSTK
OTC,BRWC
NASDAQ,PLUT
OTC,OBTC
OTC,MWQTS
NYSE,GJS
OTC,MJWL
OTC,VPSN
NASDAQ,TECTP
OTC,ACEEU
OTC,ZCSH
NYSE,JBK
OTC,BTNY
OTC,BXNS
OTC,ASFH
OTC,BCHG
OTC,ETCG
OTC,PLKT
OTC,SBMW
OTC,LMMY
OTC,MTWFS
OTC,GRAM
OTC,GBAT
OTC,BBOP
NASDAQ,PTNM
OTC,GNVR
OTC,MKSHS
NYSE,SCE%2FPJ
OTC,TOWTF
NYSE,PDO
OTC,PNMXO
OTC,WELPP
NYSE,WDI
OTC,CABI
OTC,XEBEQ
NASDAQ,MGRT
OTC,SOCGP
OTC,HYBOF
OTC,CMSG
NYSE,CMS%2FPB
NASDAQ,NUTR
OTC,FTFI
OTC,WRMA
OTC,MRWNS
OTC,VMST
