Exchange,Ticker
NASDAQ,NVDA
NASDAQ,MSFT
NASDAQ,AAPL
NASDAQ,GOOG
NASDAQ,AMZN
NASDAQ,META
NASDAQ,AVGO
NASDAQ,TSLA
NYSE,BRK.A
NYSE,JPM
NYSE,WMT
NYSE,ORCL
NYSE,LLY
NYSE,V
NASDAQ,NFLX
NYSE,MA
NYSE,XOM
NYSE,JNJ
NASDAQ,PLTR
NYSE,HD
NYSE,BABA
NASDAQ,COST
NYSE,ABBV
NYSE,BAC
NYSE,PG
NYSE,CVX
NYSE,GE
NYSE,UNH
NYSE,KO
NYSE,WFC
NASDAQ,TMUS
NASDAQ,CSCO
NYSE,IBM
NASDAQ,AMD
NYSE,PM
NYSE,MS
NYSE,GS
NYSE,AXP
NYSE,ABT
NYSE,CRM
NASDAQ,APP
NASDAQ,LIN
NYSE,RTX
NYSE,CAT
NYSE,MCD
NYSE,BX
NYSE,UBER
NYSE,DIS
NYSE,T
NYSE,MRK
NYSE,NOW
NASDAQ,INTU
NASDAQ,PEP
NYSE,C
NYSE,BLK
NYSE,VZ
NASDAQ,QCOM
NASDAQ,SHOP
NASDAQ,PDD
NASDAQ,BKNG
NYSE,ANET
NASDAQ,MU
NYSE,TMO
NYSE,SCHW
NASDAQ,TXN
NYSE,BA
NASDAQ,INTC
NYSE,GEV
NASDAQ,AMAT
NASDAQ,LRCX
NYSE,TJX
NASDAQ,ISRG
NYSE,NEE
NASDAQ,ADBE
NYSE,APH
NYSE,ACN
NYSE,SPGI
NASDAQ,ARM
NASDAQ,AMGN
NYSE,BSX
NYSE,SPOT
NYSE,LOW
NYSE,COF
NYSE,PGR
NYSE,ETN
NYSE,SYK
NASDAQ,KLAC
NYSE,UNP
NASDAQ,GILD
NASDAQ,PANW
NYSE,PFE
NYSE,DHR
NASDAQ,HON
NYSE,DE
NASDAQ,MELI
NYSE,COP
NASDAQ,ADI
NYSE,MDT
NASDAQ,CRWD
NYSE,KKR
NASDAQ,ADP
NYSE,CCZ
NASDAQ,CMCSA
NYSE,WELL
NYSE,LMT
NYSE,BN
NASDAQ,IBKR
NASDAQ,DASH
NYSE,CB
NYSE,MO
NYSE,SE
NYSE,PLD
NASDAQ,HOOD
NYSE,SO
NASDAQ,CEG
NYSE,NKE
NASDAQ,VRTX
NYSE,MMC
NYSE,HCA
NASDAQ,CME
NYSE,CVS
NYSE,ICE
NYSE,DUK
NASDAQ,CDNS
NYSE,SCCO
NYSE,PH
NASDAQ,SBUX
NYSE,MCK
NYSE,BAM
NYSE,NEM
NYSE,RBLX
NYSE,TT
NYSE,AMT
NASDAQ,NTES
NASDAQ,SNPS
NASDAQ,ORLY
NYSE,BMY
NYSE,GD
NYSE,RCL
NYSE,WM
NYSE,DELL
NASDAQ,MSTR
NYSE,MCO
NYSE,SHW
NYSE,NOC
NASDAQ,CTAS
NASDAQ,MDLZ
NYSE,MMM
NASDAQ,COIN
NYSE,PNC
NYSE,CVNA
NYSE,APO
NYSE,WMB
NYSE,AJG
NYSE,HWM
NASDAQ,EQIX
NYSE,BK
NYSE,USB
NASDAQ,ABNB
NYSE,ECL
NYSE,AON
NYSE,CRH
NYSE,CI
NYSE,SNOW
NYSE,ITW
NYSE,MSI
NYSE,NU
NYSE,NET
NYSE,TDG
NYSE,EMR
NYSE,ELV
NASDAQ,MAR
NASDAQ,MRVL
NYSE,RSG
NYSE,UPS
NYSE,FI
NYSE,AZO
NYSE,VST
NYSE,JCI
NASDAQ,ADSK
NYSE,EPD
NYSE,GLW
NYSE,NSC
NASDAQ,WDAY
NASDAQ,FTNT
NYSE,CL
NASDAQ,PYPL
NYSE,TEL
NYSE,EOG
NASDAQ,MNST
NYSE,ZTS
NASDAQ,CSX
NYSE,KMI
NYSE,TRV
NYSE,HLT
NYSE,URI
NYSE,SPG
NYSE,MPC
NYSE,ET
NASDAQ,REGN
NYSE,PWR
NYSE,AFL
NYSE,COR
NYSE,APD
NYSE,TFC
NASDAQ,CRWV
NYSE,CPNG
NASDAQ,ALNY
NYSE,DLR
NASDAQ,AEP
NYSE,GM
NYSE,SRE
NYSE,CMI
NASDAQ,NXPI
NYSE,PSX
NYSE,FDX
NYSE,ALL
NASDAQ,FAST
NASDAQ,AXON
NYSE,O
NYSE,LHX
NYSE,VLO
NYSE,MET
NYSE,CMG
NASDAQ,ROP
NYSE,SLB
NYSE,VRT
NYSE,BDX
NASDAQ,PCAR
NYSE,LNG
NYSE,MPLX
NYSE,D
NYSE,FCX
NASDAQ,IDXX
NYSE,PSA
NASDAQ,NDAQ
NYSE,CARR
NYSE,DHI
NASDAQ,BKR
NYSE,FLUT
NASDAQ,ROST
NASDAQ,JD
NASDAQ,DDOG
NASDAQ,EA
NASDAQ,WBD
NYSE,F
NYSE,VEEV
NASDAQ,TTWO
NYSE,AMP
NYSE,CBRE
NASDAQ,XEL
NYSE,OXY
NASDAQ,ZS
NYSE,OKE
NASDAQ,STX
NYSE,GRMN
NYSE,CTVA
NASDAQ,PAYX
NYSE,GWW
NASDAQ,BIDU
NYSE,RDDT
NYSE,XYZ
NYSE,EW
NYSE,FERG
NASDAQ,EXC
NYSE,MSCI
NASDAQ,TEAM
NASDAQ,CPRT
NYSE,KR
NYSE,AIG
NYSE,AME
NASDAQ,FANG
NASDAQ,MPWR
NYSE,YUM
NASDAQ,CHTR
NASDAQ,EBAY
NYSE,CCI
NASDAQ,CCEP
NYSE,ETR
NYSE,PEG
NYSE,RKT
NASDAQ,KMB
NYSE,TGT
NYSE,CCL
NYSE,RMD
NYSE,VMC
NYSE,TKO
NYSE,UI
NYSE,SYY
NYSE,HEI
NYSE,ROK
NYSE,HSY
NYSE,LYV
NYSE,TRGP
NYSE,HIG
NYSE,DAL
NYSE,CCJ
NASDAQ,WDC
NYSE,LVS
NYSE,MLM
NYSE,PRU
NYSE,CAH
NYSE,FICO
NYSE,WEC
NYSE,VG
NYSE,ED
NASDAQ,CSGP
NYSE,OTIS
NYSE,ARES
NYSE,RJF
NYSE,A
NYSE,XYL
NASDAQ,FWONA
NASDAQ,MCHP
NASDAQ,KDP
NYSE,VICI
NASDAQ,VRSK
NYSE,AU
NASDAQ,ACGL
NYSE,EQT
NYSE,WAB
NYSE,FIS
NASDAQ,WTW
NASDAQ,SOFI
NASDAQ,GEHC
NYSE,PCG
NASDAQ,ALAB
NYSE,STT
NASDAQ,CTSH
NYSE,IR
NYSE,NRG
NYSE,LEN
NYSE,VTR
NYSE,DD
NYSE,NUE
NASDAQ,UAL
NYSE,HPE
NYSE,KVUE
NYSE,EFX
NYSE,MTB
NYSE,EL
NYSE,BRO
NASDAQ,KHC
NASDAQ,SYM
NYSE,HUM
NYSE,IQV
NASDAQ,FITB
NASDAQ,TSCO
NYSE,IRM
NYSE,KEYS
NYSE,EXR
NYSE,QSR
NASDAQ,ODFL
NYSE,ADM
NASDAQ,INSM
NYSE,DTE
NYSE,WRB
NYSE,EME
NYSE,FIX
NYSE,ROL
NYSE,AVB
NYSE,SYF
NYSE,BR
NYSE,AEE
NASDAQ,EXPE
NYSE,AWK
NYSE,OWL
NYSE,HUBS
NASDAQ,LPLA
NASDAQ,SMCI
NYSE,PPL
NYSE,K
NYSE,PSTG
NYSE,TDY
NYSE,ATO
NYSE,CRCL
NASDAQ,NBIS
NYSE,VIK
NYSE,GIS
NASDAQ,VRSN
NASDAQ,DXCM
NASDAQ,TW
NYSE,FE
NYSE,CQP
NASDAQ,REG
NYSE,VLTO
NASDAQ,MDB
NYSE,ES
NYSE,PHM
NASDAQ,FOX
NASDAQ,HBAN
NASDAQ,NTRS
NYSE,CNP
NASDAQ,ZM
NASDAQ,EXE
NYSE,HPQ
NASDAQ,GRAB
NYSE,MTD
NASDAQ,AFRM
NASDAQ,ULTA
NASDAQ,CRDO
NYSE,EQR
NASDAQ,CINF
NYSE,STE
NYSE,WSM
NASDAQ,PTC
NASDAQ,CYBR
NYSE,MKL
NASDAQ,FUTU
NASDAQ,NTAP
NYSE,IP
NYSE,RF
NYSE,LDOS
NASDAQ,FCNCA
NASDAQ,FSLR
NASDAQ,BNTX
NYSE,DVN
NYSE,PPG
NYSE,STZ
NYSE,LH
NYSE,JBL
NASDAQ,CG
NYSE,NVR
NASDAQ,TTD
NYSE,DOV
NYSE,CFG
NYSE,CFG/PI
NYSE,TYL
NYSE,PINS
NASDAQ,TROW
NYSE,TPR
NYSE,HUBB
NYSE,DG
NASDAQ,RKLB
NASDAQ,PODD
NASDAQ,NTRA
NASDAQ,CHKP
NASDAQ,TPG
NYSE,TPL
NYSE,DRI
NYSE,SW
NYSE,IOT
NASDAQ,LULU
NYSE,AER
NYSE,FIG
NYSE,TOST
NYSE,BIP
NASDAQ,CDW
NASDAQ,TER
NYSE,CMS
NASDAQ,SSNC
NYSE,HAL
NASDAQ,FLEX
NYSE,EIX
NYSE,DGX
NASDAQ,SATS
NYSE,CHD
NASDAQ,DKNG
NYSE,BAP
NYSE,CPAY
NASDAQ,SBAC
NYSE,L
NASDAQ,NTNX
NYSE,KEY
NASDAQ,STLD
NASDAQ,ON
NYSE,DKS
NYSE,GPN
NASDAQ,RPRX
NASDAQ,CASY
NYSE,TECK
NASDAQ,PSKY
NASDAQ,BIIB
NYSE,NI
NYSE,IONQ
NYSE,CIEN
NYSE,IT
NYSE,CW
NASDAQ,GFS
NYSE,GDDY
NASDAQ,UTHR
NYSE,GWRE
NYSE,ZBH
NYSE,PKG
NASDAQ,DLTR
NASDAQ,TRMB
NYSE,GPC
NASDAQ,Z
NYSE,AS
NASDAQ,RIVN
NYSE,RL
NYSE,TSN
NYSE,WST
NASDAQ,TLN
NYSE,APTV
NASDAQ,FFIV
NYSE,AMCR
NASDAQ,PFG
NYSE,LII
NYSE,CTRA
NYSE,U
NYSE,PNR
NYSE,INVH
NYSE,THC
NYSE,CRBG
NYSE,SNA
NASDAQ,NWS
NASDAQ,GEN
NYSE,WY
NYSE,J
NYSE,MKC
NASDAQ,ASTS
NYSE,WAT
NASDAQ,WMG
NYSE,SGI
NYSE,USFD
NYSE,ESS
NYSE,CNC
NYSE,ACM
NYSE,LUV
NASDAQ,EVRG
NASDAQ,LNT
NASDAQ,FTAI
NYSE,COHR
NYSE,BURL
NYSE,TRU
NYSE,FTI
NYSE,EXPD
NYSE,BWXT
NYSE,BE
NYSE,CHWY
NYSE,MTZ
NYSE,FTV
NYSE,FNF
NYSE,BG
NASDAQ,DOCU
NYSE,MAA
NYSE,PFGC
NYSE,OKLO
NYSE,DOW
NYSE,WSO
NYSE,RBRK
NASDAQ,INCY
NYSE,SUI
NASDAQ,OKTA
NYSE,BBY
NYSE,YUMC
NYSE,LYB
NASDAQ,BSY
NYSE,TWLO
NYSE,EQH
NYSE,DECK
NYSE,NVT
NASDAQ,CHRW
NASDAQ,SMMT
NYSE,IFF
NYSE,JBS
NASDAQ,ZBRA
NYSE,CLX
NYSE,CPT
NYSE,KLAR
NASDAQ,AVAV
NYSE,WES
NYSE,ALLE
NYSE,RPM
NYSE,WPC
NASDAQ,DUOL
NASDAQ,HOLX
NYSE,SN
NASDAQ,WWD
NASDAQ,EWBC
NYSE,RS
NYSE,DT
NYSE,OMC
NYSE,CF
NYSE,TXT
NYSE,XPO
NASDAQ,DPZ
NYSE,MAS
NASDAQ,ERIE
NASDAQ,ROKU
NYSE,RYAN
NYSE,EG
NYSE,KIM
NASDAQ,KTOS
NYSE,ARE
NYSE,HLI
NASDAQ,ARCC
NYSE,APG
NYSE,JLL
NASDAQ,SNDK
NYSE,NIO
NASDAQ,ENTG
NASDAQ,ILMN
NASDAQ,NBIX
NYSE,GGG
NASDAQ,CELH
NYSE,CSL
NYSE,SNAP
NASDAQ,MEDP
NYSE,ULS
NYSE,DOCS
NYSE,ONON
NYSE,ITT
NYSE,JOBY
NYSE,JEF
NASDAQ,TEM
NYSE,H
NYSE,CNH
NYSE,HRL
NASDAQ,COOP
NYSE,SNX
NYSE,YMM
NYSE,NLY
NYSE,BALL
NYSE,DOC
NASDAQ,COO
NASDAQ,WYNN
NYSE,UNM
NASDAQ,GLPI
NYSE,TOL
NYSE,EVR
NYSE,HIMS
NYSE,BLDR
NASDAQ,LECO
NASDAQ,JBHT
NASDAQ,VNOM
NASDAQ,RGLD
NYSE,FN
NASDAQ,MANH
NYSE,UHS
NYSE,EHC
NASDAQ,NDSN
NYSE,BF.A
NASDAQ,ICLR
NYSE,QXO
NYSE,RGA
NYSE,PAYC
NYSE,CNA
NYSE,AVY
NYSE,CRS
NASDAQ,PAA
NYSE,CLH
NYSE,SOLV
NYSE,ALLY
NYSE,OHI
NYSE,UDR
NASDAQ,LAMR
NYSE,BJ
NYSE,BAH
NASDAQ,SAIL
NYSE,MP
NYSE,IEX
NYSE,RBC
NYSE,AFG
NYSE,AMH
NYSE,BEN
NASDAQ,HST
NYSE,OC
NYSE,CDE
NYSE,BXP
NYSE,GME
NASDAQ,SWKS
NYSE,RNR
NASDAQ,GLXY
NYSE,SF
NYSE,GL
NASDAQ,DRS
NYSE,SJM
NASDAQ,ASND
NYSE,FHN
NYSE,ELS
NYSE,SCI
NYSE,DTM
NYSE,SWK
NASDAQ,POOL
NYSE,ATI
NYSE,PR
NASDAQ,MBLY
NASDAQ,IREN
NYSE,PAG
NYSE,NCLH
NYSE,CCK
NYSE,BAX
NYSE,W
NASDAQ,LITE
NYSE,MLI
NYSE,MOS
NASDAQ,CART
NASDAQ,BZ
NASDAQ,VTRS
NYSE,OVV
NYSE,BLD
NASDAQ,RMBS
NYSE,PCOR
NYSE,FDS
NYSE,HII
NASDAQ,AKAM
NASDAQ,JKHY
NYSE,AIZ
NYSE,DAY
NYSE,WTRG
NYSE,SMR
NASDAQ,NXT
NASDAQ,TXRH
NASDAQ,SFM
NASDAQ,BILI
NYSE,JHX
NYSE,WMS
NYSE,CACI
NASDAQ,FRHC
NASDAQ,HAS
NASDAQ,SEIC
NYSE,AR
NASDAQ,EXEL
NASDAQ,MNDY
NYSE,CR
NYSE,ORI
NASDAQ,STRL
NYSE,MOH
NYSE,WCC
NYSE,CNM
NYSE,AYI
NYSE,ALB
NYSE,PNW
NASDAQ,ROIV
NASDAQ,BMRN
NASDAQ,AGNC
NYSE,SSB
NASDAQ,IONS
NYSE,UHAL
NASDAQ,AUR
NYSE,AOS
NASDAQ,EXAS
NYSE,IVZ
NASDAQ,RGTI
NYSE,ARMK
NASDAQ,PEGA
NASDAQ,COKE
NASDAQ,APPF
NYSE,UWMC
NYSE,DINO
NYSE,WLK
NASDAQ,ENSG
NYSE,WBS
NASDAQ,MORN
NASDAQ,XP
NYSE,PEN
NASDAQ,WIX
NYSE,GNRC
NYSE,AIT
NYSE,REXR
NYSE,ACI
NYSE,KNSL
NASDAQ,LSCC
NASDAQ,TTAN
NYSE,RVTY
NYSE,ELAN
NYSE,WAL
NYSE,DDS
NYSE,MGM
NYSE,IPG
NASDAQ,MTSI
NASDAQ,PPC
NYSE,ALV
NASDAQ,BBIO
NASDAQ,CPB
NYSE,RRX
NYSE,BWA
NASDAQ,MRNA
NYSE,QGEN
NYSE,KVYO
NYSE,NYT
NASDAQ,MDGL
NYSE,DCI
NYSE,BLSH
NYSE,AES
NYSE,AM
NYSE,DVA
NASDAQ,FYBR
NYSE,WTS
NASDAQ,NTSK
NYSE,CUBE
NYSE,OGE
NASDAQ,SFD
NASDAQ,VRNA
NYSE,QBTS
NASDAQ,ALGN
NYSE,ESTC
NASDAQ,NVMI
NYSE,LEVI
NYSE,VIPS
NASDAQ,UMBF
NYSE,KRMN
NYSE,SPXC
NASDAQ,PCTY
NASDAQ,LBRDA
NASDAQ,SRAD
NASDAQ,MMYT
NYSE,GTLS
NYSE,PRI
NASDAQ,DOX
NYSE,EGP
NASDAQ,WTFC
NYSE,RRC
NYSE,SARO
NYSE,CMA
NASDAQ,IDCC
NYSE,TAP
NASDAQ,LYFT
NASDAQ,CORT
NASDAQ,APA
NASDAQ,TTEK
NASDAQ,LINE
NYSE,BROS
NYSE,PLNT
NASDAQ,MTCH
NYSE,ATR
NYSE,PSN
NYSE,CAG
NASDAQ,ONB
NASDAQ,BPOP
NYSE,INFA
NYSE,FRT
NASDAQ,HALO
NASDAQ,LLYVA
NASDAQ,QRVO
NASDAQ,FIVE
NASDAQ,ZION
NYSE,AA
NYSE,NFG
NASDAQ,CVLT
NYSE,EPAM
NYSE,BRX
NYSE,AWI
NYSE,DY
NYSE,OSK
NASDAQ,HQY
NYSE,EDU
NYSE,CFR
NYSE,PRMB
NYSE,BIRK
NYSE,FND
NASDAQ,DBX
NASDAQ,RVMD
NASDAQ,CAI
NYSE,AN
NYSE,AGCO
NASDAQ,MKSI
NYSE,LAD
NYSE,GAP
NASDAQ,OLLI
NASDAQ,LIF
NYSE,AVTR
NASDAQ,TECH
NASDAQ,TIGO
NASDAQ,HSIC
NYSE,NNN
NYSE,MHK
NASDAQ,CBSH
NASDAQ,GTLB
NASDAQ,CHYM
NYSE,ADC
NASDAQ,HLNE
NYSE,ZWS
NASDAQ,SAIA
NYSE,HL
NYSE,NEU
NASDAQ,IESC
NASDAQ,COLB
NASDAQ,LKQ
NYSE,CTRE
NYSE,INGR
NYSE,VNO
NYSE,SUN
NASDAQ,STEP
NYSE,LNC
NASDAQ,JAZZ
NYSE,LW
NASDAQ,CGNX
NASDAQ,MASI
NYSE,R
NASDAQ,TSEM
NASDAQ,SIRI
NASDAQ,SITM
NYSE,VMI
NYSE,MUSA
NYSE,EXP
NYSE,GMED
NYSE,AXS
NASDAQ,BULL
NASDAQ,GH
NYSE,PDI
NYSE,TTC
NASDAQ,RGC
NASDAQ,AAL
NASDAQ,PNFP
NASDAQ,VFS
NYSE,FSS
NASDAQ,AAON
NASDAQ,PONY
NYSE,LOAR
NYSE,KNTK
NYSE,ZK
NYSE,ELF
NASDAQ,LCID
NYSE,STWD
NYSE,G
NYSE,HESM
NYSE,BIO
NYSE,CRL
NYSE,VOYA
NYSE,MOD
NYSE,CAVA
NYSE,JXN
NYSE,PRIM
NYSE,EMN
NYSE,AHR
NASDAQ,ROAD
NASDAQ,BOKF
NASDAQ,AMKR
NYSE,QS
NYSE,ALSN
NYSE,UGI
NYSE,JBTM
NASDAQ,LNW
NYSE,SSD
NASDAQ,OLED
NYSE,AL
NYSE,FLS
NASDAQ,RGEN
NASDAQ,EXLS
NYSE,FR
NYSE,IDA
NYSE,STVN
NYSE,JHG
NYSE,FOUR
NYSE,OMF
NYSE,DLB
NYSE,SNV
NASDAQ,WING
NYSE,BYD
NASDAQ,FIGR
NYSE,CADE
NYSE,ADT
NASDAQ,CFLT
NYSE,FLR
NYSE,TAL
NYSE,IBP
NYSE,KD
NASDAQ,FCFS
NASDAQ,CHDN
NYSE,AMG
NYSE,TX
NYSE,OBDC
NASDAQ,MIDD
NYSE,CHE
NYSE,KMX
NASDAQ,MKTX
NYSE,HRB
NYSE,MSA
NYSE,ESAB
NASDAQ,VRNS
NYSE,SGHC
NYSE,STAG
NYSE,OTF
NYSE,MTG
NYSE,FAF
NYSE,CDP
NASDAQ,RYTM
NYSE,CMC
NYSE,TMHC
NASDAQ,URBN
NASDAQ,WAY
NASDAQ,RIOT
NASDAQ,RRR
NASDAQ,SOUN
NYSE,MOG.A
NYSE,PATH
NASDAQ,OPEN
NASDAQ,CRUS
NYSE,LRN
NASDAQ,LFUS
NYSE,KNX
NYSE,PFSI
NYSE,THG
NYSE,GTES
NYSE,FBIN
NYSE,ESNT
NYSE,PJT
NASDAQ,ETSY
NASDAQ,GNTX
NYSE,PB
NYSE,GATX
NYSE,HR
NASDAQ,AEIS
NASDAQ,RNA
NYSE,ONTO
NYSE,ARW
NASDAQ,GLBE
NYSE,WH
NYSE,BXSL
NYSE,PIPR
NYSE,VNT
NYSE,BFAM
NYSE,RITM
NASDAQ,LEGN
NYSE,LTH
NYSE,REZI
NYSE,GXO
NYSE,CLF
NYSE,MTDR
NYSE,KBR
NASDAQ,LOPE
NYSE,AXTA
NASDAQ,SANM
NYSE,LUMN
NASDAQ,CCCS
NYSE,S
NYSE,ESI
NASDAQ,CYTK
NASDAQ,NXST
NYSE,ACHR
NASDAQ,CHRD
NASDAQ,VLY
NASDAQ,MARA
NYSE,RLI
NYSE,TXNM
NYSE,TRNO
NYSE,GBCI
NYSE,EPRT
NYSE,LPX
NASDAQ,OZK
NYSE,EAT
NASDAQ,NUVL
NYSE,ALK
NASDAQ,FROG
NYSE,MC
NYSE,RHP
NASDAQ,RDNT
NYSE,FNB
NASDAQ,AXSM
NASDAQ,SLM
NYSE,STUB
NYSE,CRK
NASDAQ,ACT
NASDAQ,TTMI
NYSE,ORA
NYSE,SITE
NYSE,POST
NYSE,VFC
NYSE,GPK
NYSE,CWEN
NYSE,MAIN
NASDAQ,CWST
NASDAQ,APLD
NASDAQ,CAR
NYSE,HOMB
NASDAQ,ITRI
NYSE,GPI
NASDAQ,TGTX
NASDAQ,CZR
NYSE,SWX
NASDAQ,CRSP
NYSE,THO
NASDAQ,UFPI
NYSE,MIR
NASDAQ,UPST
NYSE,BILL
NYSE,WEX
NYSE,TREX
NASDAQ,ALGM
NYSE,BBWI
NYSE,AMTM
NASDAQ,MTSR
NYSE,MTN
NASDAQ,IRTC
NYSE,ATGE
NASDAQ,SMTC
NASDAQ,MAT
NYSE,LEA
NASDAQ,ACIW
NYSE,VIRT
NYSE,MSGS
NASDAQ,HWC
NYSE,TFX
NYSE,ESE
NASDAQ,UBSI
NYSE,CWAN
NASDAQ,FLY
NYSE,TKR
NYSE,MRP
NYSE,FCN
NASDAQ,ATAT
NASDAQ,MRUS
NYSE,BMI
NYSE,BOOT
NYSE,GHC
NASDAQ,CACC
NYSE,MTH
NASDAQ,CORZ
NYSE,FRO
NYSE,ABCB
NYSE,BLCO
NYSE,AUB
NASDAQ,PI
NYSE,KRC
NYSE,LAZ
NASDAQ,STNE
NYSE,DAR
NYSE,CHH
NYSE,SEE
NYSE,MSM
NYSE,HXL
NASDAQ,NNNN
NYSE,RDN
NYSE,BEPC
NYSE,NOV
NASDAQ,CAMT
NASDAQ,WFRD
NYSE,MMS
NYSE,RSI
NYSE,AX
NASDAQ,QLYS
NYSE,BDC
NASDAQ,REYN
NASDAQ,SSRM
NYSE,INGM
NYSE,ZETA
NASDAQ,SNEX
NASDAQ,FFIN
NASDAQ,FTDR
NYSE,BIPC
NYSE,BCO
NASDAQ,BCPC
NYSE,KRG
NYSE,YOU
NYSE,RAL
NASDAQ,SIGI
NASDAQ,KRYS
NASDAQ,BTSG
NYSE,CPA
NYSE,M
NYSE,MGY
NYSE,FLG
NYSE,FLG/PU
NYSE,OGS
NYSE,WK
NYSE,NJR
NASDAQ,OS
NYSE,HHH
NASDAQ,CALM
NASDAQ,PECO
NASDAQ,ENPH
NYSE,GVA
NYSE,CUZ
NYSE,POR
NYSE,SR
NASDAQ,MMSI
NASDAQ,IEP
NASDAQ,MZTI
NASDAQ,DORM
NYSE,KEX
NYSE,CRC
NASDAQ,BRKR
NYSE,ABG
NASDAQ,DJT
NYSE,BOX
NASDAQ,PTCT
NYSE,NPO
NYSE,QTWO
NYSE,VVV
NYSE,AROC
NYSE,SPR
NYSE,NE
NYSE,IFS
NYSE,BRBR
NYSE,NIQ
NYSE,MCY
NASDAQ,ALKS
NASDAQ,MRCY
NYSE,GKOS
NYSE,NNI
NASDAQ,LAUR
NYSE,CNX
NYSE,SLGN
NYSE,ACA
NASDAQ,ARWR
NASDAQ,CVCO
NYSE,MAC
NASDAQ,KC
NASDAQ,SBRA
NYSE,SFBS
NASDAQ,CIFR
NYSE,SLG
NYSE,GOLF
NASDAQ,SAIC
NASDAQ,BGC
NASDAQ,SHC
NYSE,KTB
NYSE,CE
NASDAQ,CROX
NASDAQ,CLBT
NASDAQ,MENS
NASDAQ,OPCH
NASDAQ,ACLX
NYSE,BKH
NYSE,WTM
NASDAQ,WULF
NASDAQ,PCVX
NASDAQ,RUSHA
NYSE,ST
NASDAQ,VCTR
NYSE,EPR
NASDAQ,IBOC
NASDAQ,BANF
NASDAQ,DLO
NASDAQ,AVT
NYSE,WHR
NASDAQ,GSAT
NYSE,SON
NASDAQ,CRNX
NYSE,ASB
NYSE,KBH
NYSE,FG
NASDAQ,SLAB
NYSE,MUR
NYSE,CNR
NYSE,COMP
NYSE,ECG
NASDAQ,GLNG
NYSE,FSK
NASDAQ,LSTR
NASDAQ,FELE
NYSE,FMC
NYSE,SKY
NASDAQ,PTGX
NYSE,AB
NYSE,ENS
NYSE,PVH
NYSE,LB
NYSE,KNF
NYSE,BC
NYSE,AD
NASDAQ,SKYW
NYSE,CBT
NYSE,OSCR
NYSE,HGTY
NYSE,NSA
NYSE,CSW
NYSE,RYN
NASDAQ,RUN
NYSE,SXT
NYSE,TDS
NYSE,ANF
NASDAQ,CRVL
NYSE,FHI
NYSE,AGO
NASDAQ,SPSC
NASDAQ,KYMR
NYSE,CALX
NASDAQ,INTR
NASDAQ,LBTYA
NASDAQ,VERX
NASDAQ,MLTX
NASDAQ,OSIS
NASDAQ,QFIN
NYSE,MWA
NYSE,IRT
NASDAQ,TCBI
NYSE,HRI
NYSE,SHAK
NYSE,SIG
NYSE,TNL
NYSE,PAY
NASDAQ,VRRM
NYSE,GBTG
NASDAQ,VSAT
NYSE,CNO
NASDAQ,TMDX
NASDAQ,EBC
NYSE,HGV
NYSE,UCB
NASDAQ,PLXS
NYSE,ALE
NYSE,MHO
NASDAQ,AKRO
NYSE,SKT
NYSE,HNGE
NYSE,LMND
NYSE,RH
NYSE,NHI
NYSE,HASI
NYSE,PBF
NYSE,PL
NASDAQ,WSC
NASDAQ,MLCO
NYSE,GNW
NYSE,CXT
NYSE,SNDR
NASDAQ,PAGP
NASDAQ,ADMA
NASDAQ,SRRK
NYSE,ZGN
NASDAQ,CARG
NASDAQ,PSMT
NASDAQ,USLM
NASDAQ,TFSL
NYSE,VIA
NYSE,DNP
NYSE,ATMU
NASDAQ,HWKN
NYSE,KFY
NYSE,AGX
NASDAQ,GTM
NYSE,CWK
NASDAQ,GBDC
NASDAQ,EEFT
NYSE,AAP
NASDAQ,MIRM
NYSE,CVI
NYSE,BRC
NASDAQ,CLSK
NASDAQ,VEON
NASDAQ,FRSH
NASDAQ,NOVT
NASDAQ,TENB
NYSE,VAL
NYSE,FBP
NYSE,ATHM
NYSE,MDU
NYSE,KAI
NASDAQ,NWE
NASDAQ,TBBK
NYSE,ITGR
NASDAQ,AMBA
NYSE,RNST
NASDAQ,ACAD
NASDAQ,NSIT
NYSE,APAM
NASDAQ,INDB
NYSE,GFF
NASDAQ,POWL
NASDAQ,BRZE
NASDAQ,EXPO
NYSE,HOG
NASDAQ,HUT
NYSE,COTY
NASDAQ,PTON
NASDAQ,FIZZ
NYSE,HTGC
NASDAQ,ALHC
NYSE,RHI
NYSE,COLD
NASDAQ,INTA
NASDAQ,OTTR
NASDAQ,SLNO
NASDAQ,PATK
NASDAQ,LNTH
NASDAQ,BTDR
NASDAQ,ETOR
NASDAQ,FULT
NYSE,BNL
NASDAQ,FIBK
NASDAQ,COMM
NYSE,TPC
NASDAQ,ODD
NASDAQ,VSEC
NYSE,TEX
NASDAQ,IPGP
NASDAQ,BWIN
NYSE,CNS
NYSE,HIW
NYSE,NVST
NYSE,NEA
NASDAQ,RELY
NYSE,MIAX
NASDAQ,WGS
NYSE,WRBY
NYSE,AHL
NASDAQ,VC
NASDAQ,CATY
NASDAQ,NMRK
NYSE,HCC
NYSE,AZZ
NASDAQ,LGND
NASDAQ,ASO
NYSE,WHD
NYSE,PII
NYSE,PAGS
NYSE,CNK
NYSE,TNET
NYSE,ASAN
NYSE,TR
NASDAQ,BL
NYSE,MATX
NYSE,WNS
NYSE,TGNA
NYSE,ARX
NYSE,KMPR
NASDAQ,AVPT
NASDAQ,IPAR
NYSE,BRSL
NASDAQ,NCNO
NYSE,KGS
NYSE,SMG
NYSE,GENI
NASDAQ,QUBT
NYSE,HAYW
NYSE,BXMT
NASDAQ,NAMS
NYSE,DOCN
NYSE,TGLS
NASDAQ,BHF
NYSE,SM
NYSE,CPK
NYSE,CBU
NASDAQ,MGNI
NASDAQ,ARLP
NYSE,GRBK
NYSE,PRM
NYSE,FUL
NYSE,GPOR
NASDAQ,FHB
NYSE,AIR
NASDAQ,CNTA
NASDAQ,BLKB
NASDAQ,PCH
NASDAQ,SBET
NASDAQ,RUM
NASDAQ,WSBC
NASDAQ,MLYS
NYSE,PBH
NASDAQ,CHA
NYSE,OUT
NASDAQ,PLMR
NYSE,CIVI
NASDAQ,WSFS
NASDAQ,MYRG
NASDAQ,SIMO
NASDAQ,CSQ
NASDAQ,ACLS
NASDAQ,AMRX
NYSE,BKE
NASDAQ,MCHB
NYSE,CAAP
NYSE,AVA
NYSE,ENVA
NASDAQ,NMIH
NASDAQ,MGEE
NYSE,AEO
NYSE,RLX
NYSE,GRND
NYSE,FBK
NYSE,TBBB
NYSE,UNF
NYSE,RIG
NASDAQ,JOYY
NYSE,AVNT
NASDAQ,CNXC
NYSE,KAR
NASDAQ,INDV
NYSE,BTU
NASDAQ,QURE
NYSE,USAC
NYSE,GEO
NYSE,MPW
NYSE,TPH
NYSE,PRGO
NYSE,STNG
NASDAQ,DAVE
NASDAQ,PRVA
NASDAQ,AGYS
NASDAQ,ICUI
NASDAQ,XENE
NASDAQ,LIVN
NASDAQ,MGRC
NYSE,TIC
NASDAQ,VNET
NYSE,BKU
NASDAQ,WRD
NASDAQ,PENN
NASDAQ,TOWN
NYSE,EE
NASDAQ,COLM
NYSE,BCC
NASDAQ,VKTX
NYSE,GEF
NYSE,JPC
NASDAQ,SEZL
NASDAQ,CGON
NYSE,NATL
NYSE,JOE
NASDAQ,DGNX
NASDAQ,SFNC
NYSE,APLE
NYSE,TDW
NYSE,PRKS
NYSE,WD
NYSE,CBZ
NASDAQ,XMTR
NYSE,BSM
NASDAQ,IMVT
NASDAQ,EOSE
NASDAQ,APLS
NASDAQ,GSHD
NASDAQ,IAC
NASDAQ,PLUG
NYSE,ABM
NASDAQ,RARE
NASDAQ,SGRY
NASDAQ,GEMI
NYSE,YETI
NASDAQ,RNW
NYSE,AWR
NYSE,REVG
NYSE,RNG
NYSE,BFH
NASDAQ,GTX
NASDAQ,HTFL
NASDAQ,KYIV
NYSE,OLN
NYSE,EXG
NASDAQ,CAKE
NASDAQ,VIAV
NYSE,NAD
NYSE,CWT
NASDAQ,FORM
NYSE,C/PN
NYSE,WOR
NYSE,TTAM
NASDAQ,KNSA
NYSE,NOG
NYSE,FLO
NASDAQ,WDFC
NASDAQ,EXTR
NASDAQ,SYNA
NASDAQ,SBCF
NYSE,SEI
NYSE,LXP
NASDAQ,FA
NASDAQ,ALKT
NASDAQ,CVBF
NYSE,CON
NYSE,MANU
NYSE,OGN
NASDAQ,PGY
NASDAQ,AMSC
NASDAQ,DRVN
NASDAQ,SUPN
NYSE,AKR
NASDAQ,ALRM
NASDAQ,VCYT
NYSE,DAN
NYSE,BANC
NYSE,ADX
NYSE,MH
NYSE,NVG
NYSE,BOH
NASDAQ,CENX
NYSE,DEI
NASDAQ,TMC
NASDAQ,BATRA
NYSE,OII
NYSE,WU
NYSE,PFS
NYSE,SAH
NYSE,GLOB
NYSE,FCPT
NASDAQ,FOLD
NASDAQ,UPWK
NASDAQ,WBTN
NASDAQ,IQ
NASDAQ,HURN
NYSE,UE
NASDAQ,ALVO
NYSE,DXC
NYSE,BBAI
NASDAQ,XRAY
NYSE,CRGY
NYSE,ETY
NASDAQ,SMPL
NYSE,CLVT
NYSE,MTRN
NASDAQ,FFBC
NASDAQ,FORD
NASDAQ,DIOD
NYSE,SXI
NASDAQ,ONDS
NASDAQ,SHOO
NYSE,RXO
NYSE,HG
NASDAQ,WAFD
NYSE,DKL
NASDAQ,TRMK
NYSE,HCI
NYSE,DFH
NYSE,LU
NASDAQ,ACMR
NASDAQ,FRPT
NYSE,GOF
NASDAQ,MRX
NYSE,VAC
NYSE,NZF
NYSE,GDV
NASDAQ,SPNS
NASDAQ,PRDO
NASDAQ,MQ
NASDAQ,IBRX
NASDAQ,GCMG
NASDAQ,CPRX
NASDAQ,PSIX
NASDAQ,CHEF
NASDAQ,TARS
NYSE,CURB
NYSE,CPRI
NYSE,AMBP
NASDAQ,IDYA
NYSE,CC
NYSE,UTF
NASDAQ,SEDG
NYSE,SAM
NYSE,ALG
NYSE,HBI
NYSE,INSW
NASDAQ,PCT
NASDAQ,BEAM
NYSE,HAE
NASDAQ,PAX
NYSE,KWR
NYSE,ABR
NYSE,CXW
NYSE,LCII
NYSE,PK
NYSE,AI
NASDAQ,PINC
NASDAQ,CDTX
NASDAQ,APPN
NYSE,INSP
NYSE,CUBI
NASDAQ,BLTE
NASDAQ,PAYO
NASDAQ,IRON
NASDAQ,APGE
NASDAQ,COCO
NYSE,TRN
NYSE,WWW
NASDAQ,ACHC
NASDAQ,AGIO
NYSE,PHIN
NASDAQ,EYE
NASDAQ,TVTX
NASDAQ,BANR
NYSE,HP
NYSE,IVT
NASDAQ,GT
NASDAQ,INOD
NASDAQ,POWI
NYSE,DBRG
NYSE,ASH
NASDAQ,NBTB
NASDAQ,OSW
NYSE,IHS
NASDAQ,ATEC
NYSE,FUN
NASDAQ,SBLK
NASDAQ,FRME
NASDAQ,FBNC
NYSE,KEN
NASDAQ,VICR
NYSE,EVTC
NASDAQ,OCUL
NASDAQ,ETNB
NASDAQ,EFSC
NASDAQ,FLNC
NYSE,PACS
NYSE,EPAC
NASDAQ,NWL
NASDAQ,ADUS
NASDAQ,PTRN
NYSE,MSGE
NASDAQ,PTEN
NYSE,TSLX
NASDAQ,CELC
NYSE,HTH
NYSE,CSTM
NYSE,SPNT
NASDAQ,BUSE
NASDAQ,KLIC
NYSE,SVV
NYSE,WLY
NYSE,SPHR
NYSE,AMR
NASDAQ,HUBG
NYSE,HNI
NYSE,UA
NASDAQ,LFST
NYSE,KYN
NASDAQ,ARQT
NASDAQ,HTZ
NYSE,VSCO
NASDAQ,SYBT
NYSE,TDC
NYSE,ASGN
NASDAQ,NN
NYSE,STC
NASDAQ,AVDX
NASDAQ,EVCM
NYSE,LBRT
NYSE,DBD
NASDAQ,QMMM
NASDAQ,RXRX
NYSE,ATKR
NYSE,WT
NASDAQ,PSNY
NASDAQ,DNLI
NASDAQ,PRCT
NYSE,BBT
NYSE,VSH
NYSE,GEL
NASDAQ,STRA
NYSE,BKV
NYSE,LION
NYSE,OI
NASDAQ,ANIP
NASDAQ,ADPT
NYSE,NGVT
NYSE,KN
NYSE,ADNT
NYSE,NOMD
NYSE,NIC
NASDAQ,TRIP
NYSE,OFG
NYSE,YELP
NASDAQ,ENVX
NYSE,BKD
NASDAQ,COGT
NYSE,DHT
NYSE,DK
NYSE,SOC
NASDAQ,LZ
NYSE,SCS
NYSE,MTX
NYSE,SDRL
NYSE,DV
NASDAQ,CCOI
NYSE,PBI
NASDAQ,FIVN
NYSE,AORT
NYSE,HE
NASDAQ,IOSP
NASDAQ,QDEL
NASDAQ,CENT
NYSE,RVT
NYSE,CXM
NYSE,COUR
NYSE,UNFI
NASDAQ,DXPE
NYSE,FINV
NASDAQ,MCRI
NASDAQ,METC
NASDAQ,PLUS
NASDAQ,LMAT
NASDAQ,SKWD
NYSE,XIFR
NYSE,LC
NYSE,ARDT
NASDAQ,CERT
NYSE,DQ
NASDAQ,VITL
NYSE,PARR
NYSE,GAB
NYSE,USA
NASDAQ,TRUP
NASDAQ,SLDE
NASDAQ,LQDA
NASDAQ,CSGS
NASDAQ,PWP
NASDAQ,IRDM
NYSE,NUV
NYSE,CCS
NASDAQ,DYN
NYSE,CTRI
NASDAQ,BGM
NYSE,HMN
NYSE,NSP
NASDAQ,JJSF
NASDAQ,ROCK
NASDAQ,NTCT
NASDAQ,VBTX
NASDAQ,SONO
NYSE,RAMP
NASDAQ,PGNY
NASDAQ,NEXT
NYSE,AGM
NASDAQ,ADEA
NYSE,FIHL
NASDAQ,BLBD
NASDAQ,CHCO
NYSE,AMRC
NYSE,HI
NYSE,SHO
NASDAQ,NWBI
NASDAQ,JBLU
NYSE,NWN
NASDAQ,AVAH
NYSE,NTB
NYSE,FCF
NYSE,KSS
NASDAQ,HLMN
NASDAQ,PRGS
NYSE,TNK
NASDAQ,TIGR
NYSE,EVT
NYSE,WMK
NASDAQ,LUNR
NYSE,GNL
NASDAQ,VERA
NASDAQ,GRAL
NASDAQ,VECO
NASDAQ,SRPT
NYSE,TALO
NYSE,MAN
NASDAQ,WINA
NASDAQ,CCB
NASDAQ,PRCH
NYSE,ARLO
NYSE,ENR
NYSE,TPB
NYSE,STEW
NASDAQ,BELFA
NASDAQ,MCW
NYSE,TY
NASDAQ,WEN
NYSE,IMAX
NYSE,ALIT
NYSE,AAMI
NASDAQ,NTLA
NASDAQ,KARO
NASDAQ,ATRC
NYSE,HLIO
NASDAQ,HROW
NASDAQ,LGN
NYSE,VYX
NYSE,MODG
NASDAQ,EXPI
NASDAQ,CECO
NYSE,SLVM
NYSE,VVX
NASDAQ,CLDX
NYSE,UTI
NYSE,MBC
NASDAQ,CASH
NYSE,NTST
NASDAQ,AUPH
NYSE,SHCO
NYSE,VOYG
NYSE,UTZ
NASDAQ,ICFI
NYSE,ENOV
NASDAQ,IMCR
NASDAQ,HTO
NYSE,GLP
NASDAQ,IAS
NYSE,KRP
NASDAQ,MNKD
NASDAQ,EWTX
NASDAQ,USAR
NYSE,LTC
NYSE,CWH
NASDAQ,OPRA
NYSE,DAC
NYSE,FDP
NYSE,ACVA
NYSE,ZIM
NASDAQ,LKFN
NASDAQ,LILA
NYSE,DRH
NASDAQ,FLYW
NYSE,RQI
NYSE,DNOW
NASDAQ,TILE
NYSE,LOB
NASDAQ,VRDN
NYSE,GRDN
NYSE,ETV
NYSE,ARR
NASDAQ,CLOV
NYSE,BLX
NASDAQ,NNE
NASDAQ,OXLC
NYSE,NAC
NYSE,NMAX
NASDAQ,CLMT
NASDAQ,TWST
NYSE,PAR
NASDAQ,OUST
NASDAQ,AAOI
NASDAQ,CLBK
NASDAQ,BCRX
NASDAQ,TASK
NYSE,KMT
NYSE,ETG
NYSE,BDJ
NYSE,BHVN
NASDAQ,HRMY
NASDAQ,ATRO
NYSE,SBH
NYSE,AIN
NYSE,IDT
NASDAQ,CNXN
NYSE,MNR
NASDAQ,PAHC
NYSE,DX
NASDAQ,WERN
NYSE,RVLV
NYSE,SEM
NYSE,STEL
NASDAQ,TRS
NYSE,HUN
NASDAQ,ARCB
NYSE,BSTZ
NASDAQ,GO
NYSE,CYD
NASDAQ,ASST
NASDAQ,AMLX
NASDAQ,PHVS
NASDAQ,SRCE
NASDAQ,PZZA
NASDAQ,NSSC
NYSE,WS
NYSE,LAC
NASDAQ,CMPR
NYSE,IIPR
NASDAQ,VCEL
NYSE,TUYA
NASDAQ,TWFG
NYSE,LNN
NYSE,NABL
NASDAQ,ZD
NYSE,GTY
NASDAQ,AMPL
NYSE,PD
NYSE,CMRE
NASDAQ,GABC
NASDAQ,ARHS
NASDAQ,JAMF
NYSE,NBHC
NASDAQ,UFPT
NASDAQ,HIMX
NASDAQ,AVDL
NYSE,TNC
NYSE,ELME
NYSE,AMC
NASDAQ,ASTH
NYSE,BXMX
NYSE,CDRE
NASDAQ,UNIT
NYSE,AESI
NYSE,MLNK
NASDAQ,MBIN
NASDAQ,STBA
NYSE,MSDL
NYSE,XPRO
NASDAQ,DNTH
NASDAQ,TCBK
NYSE,ARIS
NYSE,WKC
NASDAQ,TXG
NYSE,SMA
NYSE,ARCO
NYSE,LADR
NASDAQ,LASR
NYSE,BTT
NYSE,ROG
NYSE,FLOC
NASDAQ,RZLV
NYSE,GAM
NYSE,TDOC
NASDAQ,NVCR
NYSE,PGRE
NASDAQ,GPCR
NYSE,FUBO
NYSE,LZB
NASDAQ,ROOT
NYSE,GBX
NYSE,CNMD
NYSE,ARI
NASDAQ,SDGR
NYSE,BST
NYSE,MD
NASDAQ,ABCL
NYSE,PHR
NASDAQ,UPBD
NYSE,DFIN
NYSE,LUCK
NASDAQ,WLDN
NASDAQ,OMCL
NYSE,GIC
NASDAQ,EVGO
NASDAQ,GDRX
NASDAQ,MXL
NASDAQ,AFYA
NYSE,UVV
NYSE,CTOS
NASDAQ,STGW
NASDAQ,JANX
NASDAQ,HOPE
NYSE,DCO
NYSE,JMIA
NYSE,JBI
NASDAQ,ANDE
NASDAQ,NVAX
NYSE,BHE
NYSE,SILA
NYSE,UP
NYSE,NMM
NASDAQ,FBYD
NASDAQ,DGII
NYSE,XHR
NYSE,VRE
NASDAQ,PENG
NASDAQ,NVTS
NASDAQ,PLAB
NYSE,AMPX
NYSE,NRP
NYSE,RCUS
NYSE,PEB
NYSE,DSL
NASDAQ,PLTK
NASDAQ,CRAI
NASDAQ,SNDX
NYSE,JBGS
NYSE,FLNG
NASDAQ,DSGR
NYSE,WTTR
NYSE,FOR
NASDAQ,ARDX
NASDAQ,DCOM
NASDAQ,CRCT
NYSE,LPG
NASDAQ,QQQX
NYSE,ALEX
NASDAQ,STOK
NASDAQ,STAA
NYSE,ATEN
NASDAQ,XERS
NYSE,PRG
NASDAQ,EVLV
NYSE,EFC
NASDAQ,OMDA
NASDAQ,AZTA
NASDAQ,CCEC
NASDAQ,SUPX
NASDAQ,QCRH
NYSE,BY
NASDAQ,LOT
NASDAQ,EH
NYSE,ESRT
NYSE,SPB
NYSE,VRTS
NYSE,INVX
NASDAQ,CRTO
NASDAQ,TLRY
NASDAQ,VMEO
NASDAQ,RBCAA
NASDAQ,SHLS
NASDAQ,SION
NASDAQ,IMKTA
NASDAQ,NAVI
NASDAQ,WABC
NYSE,WSR
NYSE,RDW
NASDAQ,CNOB
NYSE,USPH
NASDAQ,ARRY
NYSE,MNTN
NYSE,BV
NASDAQ,MVST
NASDAQ,ZYME
NASDAQ,KALU
NASDAQ,MFH
NASDAQ,RPD
NYSE,EOS
NYSE,FSLY
NASDAQ,KMTS
NYSE,DOLE
NYSE,UMH
NASDAQ,AMPH
NYSE,MRC
NASDAQ,CSWC
NYSE,GSBD
NYSE,GHLD
NYSE,AAT
NASDAQ,DMLP
NYSE,PX
NASDAQ,NEOG
NASDAQ,MLKN
NYSE,PRA
NYSE,NFJ
NASDAQ,TRML
NASDAQ,RAPP
NASDAQ,PFBC
NASDAQ,BFC
NASDAQ,VRNT
NYSE,TFIN
NASDAQ,GOGO
NASDAQ,BRCB
NYSE,SPH
NASDAQ,UCTT
NASDAQ,CVAC
NYSE,GRC
NYSE,JKS
NYSE,NMZ
NYSE,PRLB
NASDAQ,AHCO
NYSE,ALX
NASDAQ,LGIH
NASDAQ,LENZ
NYSE,SBR
NASDAQ,RCAT
NASDAQ,PLSE
NASDAQ,REAL
NASDAQ,INVA
NYSE,YALA
NYSE,LEG
NASDAQ,ELVN
NASDAQ,HCSG
NASDAQ,MAZE
NASDAQ,BLFS
NASDAQ,MOMO
NYSE,FPF
NYSE,HOUS
NYSE,EVEX
NYSE,MMI
NASDAQ,ABTC
NYSE,CTS
NYSE,KW
NASDAQ,GIII
NASDAQ,OPK
NASDAQ,OCSL
NASDAQ,BBSI
NASDAQ,RDWR
NASDAQ,DVAX
NASDAQ,HLIT
NASDAQ,EZPW
NYSE,GSL
NASDAQ,TDUP
NASDAQ,PCRX
NASDAQ,ESTA
NYSE,DAO
NYSE,RLJ
NASDAQ,ATAI
NASDAQ,TRIN
NYSE,SAFE
NASDAQ,MFIC
NASDAQ,ULCC
NASDAQ,GCT
NYSE,AMTD
NASDAQ,FSUN
NASDAQ,NKTR
NASDAQ,ALGT
NYSE,ATUS
NYSE,NVGS
NYSE,CIM
NYSE,OBK
NASDAQ,PRAX
NYSE,PRO
NYSE,SEMR
NYSE,AIV
NYSE,NUVB
NYSE,EMO
NYSE,PDM
NASDAQ,ASTE
NYSE,VTOL
NASDAQ,PEBO
NASDAQ,COLL
NASDAQ,WVE
NYSE,JFR
NASDAQ,LMB
NASDAQ,ORIC
NASDAQ,SSII
NYSE,FIGS
NASDAQ,THRM
NYSE,RES
NYSE,YEXT
NYSE,SCL
NASDAQ,TRVI
NASDAQ,DHC
NYSE,CRI
NYSE,RNP
NYSE,PMT
NASDAQ,SAFT
NASDAQ,UDMY
NASDAQ,IGIC
NYSE,OPFI
NYSE,EVH
NASDAQ,FOXF
NASDAQ,PGEN
NASDAQ,TBLA
NYSE,DEA
NYSE,RERE
NASDAQ,INMD
NYSE,LDI
NASDAQ,IIIV
NYSE,PRSU
NASDAQ,NMFC
NASDAQ,PDFS
NYSE,ORC
NASDAQ,SBGI
NYSE,REX
NASDAQ,HSII
NASDAQ,IART
NASDAQ,OCFC
NASDAQ,MDXG
NYSE,CNNE
NYSE,TWO
NASDAQ,NEO
NASDAQ,CTBI
NYSE,HLX
NYSE,BTZ
NASDAQ,DAKT
NYSE,SFL
NASDAQ,NESR
NASDAQ,GLIBA
NYSE,EEX
NASDAQ,CBRL
NASDAQ,AMWD
NYSE,MUC
NYSE,BBN
NASDAQ,IMNM
NYSE,MTAL
NYSE,ECVT
NASDAQ,ECPG
NASDAQ,WRLD
NYSE,BH
NASDAQ,JCAP
NYSE,HPP
NYSE,EIG
NYSE,PLYM
NYSE,NVRI
NASDAQ,SSYS
NYSE,AOD
NYSE,MFA
NYSE,CSR
NASDAQ,AEBI
NASDAQ,PLPC
NASDAQ,SYRE
NASDAQ,WOOF
NYSE,MEG
NASDAQ,FWRG
NYSE,KBDC
NASDAQ,APOG
NYSE,BLND
NYSE,PML
NASDAQ,ASPI
NASDAQ,SPRY
NASDAQ,SCSC
NYSE,WGO
NYSE,AWF
NASDAQ,MSEX
NYSE,SG
NASDAQ,AHG
NASDAQ,WLFC
NASDAQ,OCS
NASDAQ,TREE
NYSE,ETW
NYSE,UAN
NASDAQ,COHU
NASDAQ,ATLC
NYSE,ACEL
NASDAQ,EYPT
NYSE,LVWR
NYSE,HQH
NYSE,BBW
NYSE,NPKI
NASDAQ,CGBD
NASDAQ,TNGX
NASDAQ,BTBT
NASDAQ,REAX
NYSE,BBDC
NASDAQ,BHRB
NYSE,ASIC
NYSE,CABO
NYSE,CBL
NASDAQ,IMTX
NYSE,ECO
NYSE,VTS
NYSE,BCSF
NASDAQ,SIFY
NASDAQ,FMBH
NYSE,FVRR
NASDAQ,UPB
NASDAQ,QNST
NYSE,CII
NYSE,FBRT
NASDAQ,OSBC
NASDAQ,LX
NASDAQ,BBOT
NASDAQ,YB
NASDAQ,GRPN
NYSE,EPC
NASDAQ,HPK
NYSE,HLF
NASDAQ,PRME
NYSE,PFLT
NASDAQ,OLPX
NASDAQ,AEHR
NYSE,SMP
NASDAQ,HEPS
NASDAQ,CRSR
NASDAQ,GHRS
NASDAQ,XPEL
NYSE,BOW
NASDAQ,IRMD
NASDAQ,RLAY
NYSE,HIPO
NASDAQ,TSHA
NASDAQ,TH
NASDAQ,ESQ
NASDAQ,CHY
NYSE,NRK
NASDAQ,UVSP
NASDAQ,CRMD
NYSE,THR
NASDAQ,PNTG
NYSE,DLX
NASDAQ,SWIM
NASDAQ,MRTN
NYSE,SBSI
NASDAQ,SKYT
NYSE,GES
NASDAQ,INDI
NASDAQ,CSIQ
NASDAQ,SANA
NASDAQ,HSTM
NASDAQ,WYFI
NASDAQ,EVER
NYSE,NGVC
NYSE,PBT
NYSE,HTD
NYSE,KOS
NYSE,PCN
NASDAQ,AOSL
NASDAQ,AEVA
NASDAQ,LQDT
NYSE,EOI
NASDAQ,AVO
NASDAQ,BBNX
NASDAQ,CFFN
NASDAQ,NTGR
NASDAQ,URGN
NASDAQ,RZLT
NYSE,CTEV
NASDAQ,ZBIO
NASDAQ,ABUS
NYSE,ODC
NYSE,YSG
NASDAQ,HFWA
NASDAQ,SLRC
NASDAQ,ODP
NYSE,MUX
NYSE,PHK
NYSE,ASA
NYSE,MQY
NYSE,MSC
NYSE,INR
NASDAQ,NEGG
NASDAQ,NRDS
NASDAQ,PHAT
NASDAQ,KOD
NYSE,GETY
NASDAQ,AMAL
NYSE,AMTB
NASDAQ,AMSF
NYSE,UTL
NASDAQ,CHI
NASDAQ,HBNC
NYSE,AIO
NYSE,CPF
NASDAQ,SPT
NASDAQ,XNCR
NYSE,NXDR
NASDAQ,HNRG
NYSE,THS
NASDAQ,GERN
NASDAQ,FWRD
NYSE,KLC
NASDAQ,NBN
NYSE,MAX
NYSE,CAPL
NYSE,NXRT
NASDAQ,ERII
NASDAQ,EMBC
NASDAQ,MNMD
NASDAQ,TNDM
NASDAQ,BETR
NYSE,CMP
NASDAQ,HBT
NYSE,FFC
NYSE,NPK
NYSE,AGRO
NASDAQ,GSM
NASDAQ,GLDD
NYSE,BCX
NYSE,OPY
NYSE,MCB
NYSE,NGL
NASDAQ,CDNA
NYSE,SMWB
NASDAQ,AXGN
NYSE,EQBK
NASDAQ,FTRE
NYSE,NOAH
NYSE,GNK
NYSE,GDOT
NYSE,VTEX
NASDAQ,KURA
NYSE,TTI
NASDAQ,UFCS
NYSE,TXO
NYSE,ECC
NYSE,BORR
NYSE,GOTU
NYSE,BFS
NASDAQ,NAGE
NASDAQ,SEPN
NASDAQ,ECX
NASDAQ,CTLP
NYSE,HRTG
NYSE,IBTA
NYSE,SKYH
NASDAQ,IOVA
NASDAQ,VIR
NYSE,IGR
NYSE,PSFE
NYSE,BDN
NYSE,GRNT
NASDAQ,HAFC
NYSE,RSKD
NASDAQ,GILT
NYSE,CARS
NASDAQ,KRUS
NYSE,HUYA
NASDAQ,CCCXU
NYSE,IIIN
NYSE,SSTK
NASDAQ,MBWM
NASDAQ,AVXL
NYSE,ETD
NYSE,RWT
NASDAQ,ADTN
NYSE,TYG
NASDAQ,ANGI
NASDAQ,ALNT
NASDAQ,MATW
NYSE,RA
NYSE,UVE
NYSE,WLKP
NYSE,QD
NASDAQ,JBSS
NYSE,HTB
NASDAQ,MAAS
NYSE,CCO
NASDAQ,ORKA
NASDAQ,CCNE
NYSE,AXL
NYSE,BRSP
NASDAQ,SENEA
NASDAQ,PROK
NASDAQ,MCBS
NYSE,RYI
NYSE,HOV
NASDAQ,AVBP
NASDAQ,SHEN
NYSE,MYI
NYSE,BZH
NASDAQ,RDVT
NASDAQ,CCBG
NASDAQ,AKBA
NYSE,ACP
NASDAQ,BWMN
NYSE,PLOW
NASDAQ,LINC
NASDAQ,AQST
NASDAQ,KE
NASDAQ,LYTS
NASDAQ,UXIN
NYSE,AMN
NYSE,TK
NASDAQ,MRVI
NASDAQ,BFST
NYSE,NCDL
NASDAQ,MYGN
NASDAQ,TIPT
NASDAQ,FDUS
NYSE,CANG
NYSE,MTUS
NYSE,VEL
NYSE,BTO
NASDAQ,TRST
NYSE,VTLE
NASDAQ,LIND
NYSE,LUXE
NASDAQ,TBPH
NYSE,CSV
NASDAQ,GSBC
NYSE,JQC
NYSE,PFN
NYSE,THQ
NYSE,WDH
NASDAQ,FSBC
NYSE,RGR
NASDAQ,HBNB
NASDAQ,SERV
NYSE,BKSY
NASDAQ,ITRN
NASDAQ,APEI
NASDAQ,DGICA
NASDAQ,SABR
NYSE,SXC
NASDAQ,DAWN
NYSE,CINT
NASDAQ,SCHL
NASDAQ,AIOT
NASDAQ,FLGT
NASDAQ,TYRA
NYSE,AHH
NYSE,TEN
NASDAQ,TRNS
NYSE,RC
NASDAQ,THFF
NYSE,INN
NASDAQ,NRIX
NYSE,DNA
NYSE,SES
NYSE,NAT
NYSE,TRTX
NASDAQ,GDYN
NYSE,NXP
NASDAQ,SLDP
NASDAQ,MPB
NASDAQ,ORRF
NASDAQ,CAC
NYSE,FPH
NASDAQ,VINP
NASDAQ,BJRI
NASDAQ,TERN
NASDAQ,PLAY
NASDAQ,NBBK
NYSE,NPWR
NASDAQ,RBBN
NASDAQ,HTLD
NYSE,NEXA
NASDAQ,ANAB
NYSE,KRO
NASDAQ,PVLA
NASDAQ,CSTL
NYSE,HY
NASDAQ,MGTX
NASDAQ,AMRK
NASDAQ,SIGA
NYSE,NBR
NYSE,BOE
NASDAQ,GOOD
NASDAQ,BMBL
NASDAQ,IBCP
NASDAQ,FCBC
NASDAQ,OLMA
NASDAQ,LEGH
NASDAQ,KROS
NASDAQ,INNV
NASDAQ,DOMO
NYSE,CPS
NASDAQ,GYRE
NYSE,VMO
NASDAQ,CMPX
NASDAQ,MBUU
NYSE,MSIF
NYSE,TROX
NASDAQ,CRML
NYSE,ZEPP
NASDAQ,BCAX
NASDAQ,ADSE
NASDAQ,DJCO
NASDAQ,SPFI
NASDAQ,ADAM
NASDAQ,EGBN
NYSE,NX
NASDAQ,RR
NYSE,LDP
NASDAQ,CEVA
NASDAQ,SNCY
NASDAQ,PRAA
NYSE,GTN
NASDAQ,KALV
NASDAQ,CLMB
NYSE,OXM
NYSE,MYE
NASDAQ,OSPN
NYSE,MATV
NYSE,SMBK
NASDAQ,PHLT
NYSE,GCI
NASDAQ,KRNT
NASDAQ,CLNE
NASDAQ,HTBK
NASDAQ,ULH
NASDAQ,BLMN
NYSE,NPB
NASDAQ,GOSS
NASDAQ,SMBC
NASDAQ,CLPT
NYSE,KREF
NASDAQ,ACDC
NYSE,MHD
NASDAQ,SFIX
NYSE,MUJ
NASDAQ,SVRA
NASDAQ,ARVN
NASDAQ,GDEN
NASDAQ,SIBN
NYSE,NUS
NASDAQ,GPRE
NASDAQ,AIRO
NASDAQ,ARCT
NYSE,STK
NASDAQ,CGNT
NASDAQ,NFE
NYSE,CLB
NASDAQ,SNDL
NASDAQ,AIIO
NYSE,ETJ
NASDAQ,NB
NYSE,NKX
NASDAQ,MOFG
NASDAQ,BEAG
NYSE,EMD
NASDAQ,FUFU
NASDAQ,HONE
NASDAQ,ICHR
NASDAQ,ERAS
NASDAQ,CNCK
NYSE,PEO
NASDAQ,MBX
NASDAQ,SCVL
NYSE,GHM
NASDAQ,DNUT
NYSE,LXU
NYSE,BUI
NASDAQ,APPS
NYSE,IFN
NYSE,ASPN
NYSE,BXC
NYSE,IIM
NASDAQ,HELE
NYSE,RHLD
NASDAQ,GBFH
NASDAQ,HIFS
NYSE,LAR
NASDAQ,ALRS
NYSE,PUMP
NYSE,DSU
NYSE,VSTS
NYSE,BIT
NASDAQ,ETON
NASDAQ,NUTX
NASDAQ,ABL
NASDAQ,DH
NYSE,GNTY
NASDAQ,SHBI
NASDAQ,ACIC
NASDAQ,OFIX
NYSE,MMU
NASDAQ,CCCX
NYSE,HZO
NASDAQ,CCAP
NASDAQ,CCD
NYSE,XYF
NASDAQ,WASH
NASDAQ,PRTH
NYSE,KOP
NASDAQ,MNRO
NASDAQ,CWCO
NASDAQ,JFIN
NYSE,AVK
NASDAQ,CCSI
NASDAQ,ARQQ
NASDAQ,LTBR
NYSE,KFRC
NASDAQ,FISI
NASDAQ,LAES
NASDAQ,CRVS
NASDAQ,BVS
NASDAQ,BCAL
NASDAQ,TRON
NYSE,AMBQ
NYSE,WEAV
NASDAQ,ZVRA
NASDAQ,FMNB
NASDAQ,VSTM
NASDAQ,TCBX
NYSE,AVNS
NASDAQ,IBEX
NYSE,RMT
NYSE,VGM
NYSE,WIW
NASDAQ,CMPS
NYSE,BGB
NYSE,UHT
NYSE,CVLG
NASDAQ,ALTI
NYSE,BBBY
NYSE,BLW
NASDAQ,BLZE
NYSE,DIAX
NASDAQ,THRY
NYSE,EVTL
NASDAQ,PSNL
NYSE,GUT
NASDAQ,DSP
NASDAQ,ESPR
NASDAQ,CASS
NYSE,BHK
NASDAQ,ZIMV
NASDAQ,CBNK
NASDAQ,OTLY
NASDAQ,HCKT
NASDAQ,TCPC
NYSE,VKQ
NYSE,BALY
NYSE,BGY
NASDAQ,BAND
NASDAQ,GAIN
NYSE,CRD.A
NASDAQ,XNET
NYSE,GHY
NYSE,CTO
NASDAQ,MGPI
NASDAQ,POET
NYSE,ASIX
NYSE,USNA
NYSE,IQI
NYSE,VVR
NASDAQ,ORGO
NYSE,SNDA
NASDAQ,ARKO
NASDAQ,ABAT
NASDAQ,CRNC
NASDAQ,RSVR
NASDAQ,TATT
NASDAQ,PBPB
NYSE,YRD
NYSE,KIO
NASDAQ,RIGL
NASDAQ,BCYC
NYSE,KODK
NASDAQ,LXRX
NASDAQ,ADV
NASDAQ,PRTA
NASDAQ,RMR
NYSE,ASC
NASDAQ,NWPX
NYSE,BFLY
NYSE,CODI
NASDAQ,VLGEA
NASDAQ,FIP
NYSE,CION
NASDAQ,TLS
NASDAQ,UNTY
NASDAQ,TSSI
NASDAQ,VREX
NASDAQ,NFBK
NASDAQ,GEVO
NASDAQ,DMIIU
NASDAQ,PGC
NASDAQ,LAB
NASDAQ,PFIS
NYSE,VCV
NASDAQ,GLAD
NASDAQ,ITIC
NASDAQ,KRT
NYSE,IVR
NYSE,BLE
NYSE,AUNA
NYSE,TWI
NYSE,NRGV
NYSE,HPS
NASDAQ,NRIM
NASDAQ,RGNX
NYSE,PCQ
NYSE,DAVA
NYSE,FPI
NYSE,THW
NASDAQ,SWIN
NYSE,PKST
NYSE,MYD
NYSE,MCS
NASDAQ,SLDB
NYSE,BWMX
NASDAQ,CTMX
NASDAQ,FULC
NYSE,PSTL
NASDAQ,CHW
NYSE,ISD
NASDAQ,PTLO
NASDAQ,AROW
NYSE,EBS
NASDAQ,BYRN
NYSE,OLP
NYSE,CMTG
NYSE,EBF
NASDAQ,INBX
NYSE,FFWM
NASDAQ,MNPR
NASDAQ,QSG
NASDAQ,ANSC
NASDAQ,BWB
NASDAQ,XRX
NASDAQ,EPSM
NASDAQ,FFIC
NASDAQ,GDEV
NYSE,DPG
NYSE,SB
NYSE,NBB
NASDAQ,FRPH
NYSE,IGD
NASDAQ,CVGW
NASDAQ,CEPF
NYSE,BME
NYSE,HKD
NYSE,SITC
NASDAQ,ACNB
NASDAQ,KELYA
NYSE,EVAC
NASDAQ,CCRN
NASDAQ,TALK
NASDAQ,CLFD
NASDAQ,SOHU
NASDAQ,LWLG
NASDAQ,AIRS
NYSE,EQV
NYSE,AAM
NASDAQ,GLUE
NYSE,ZKH
NYSE,CAL
NASDAQ,DDI
NASDAQ,CYRX
NYSE,RYAM
NASDAQ,KDK
NYSE,HPI
NASDAQ,KIDS
NASDAQ,SVC
NYSE,FRA
NASDAQ,LE
NASDAQ,OCGN
NASDAQ,HOND
NASDAQ,MITK
NYSE,MLR
NYSE,AGL
NASDAQ,GRRR
NASDAQ,BSVN
NYSE,GMRE
NASDAQ,CNDT
NYSE,OEC
NASDAQ,RPAY
NYSE,VHI
NASDAQ,CARE
NYSE,PACK
NASDAQ,GRVY
NASDAQ,RMNI
NASDAQ,NATH
NYSE,CYH
NYSE,ETO
NASDAQ,ALLT
NYSE,DFP
NYSE,EVN
NASDAQ,YORW
NASDAQ,XOMA
NYSE,EGY
NASDAQ,WEST
NASDAQ,GLRE
NYSE,WOW
NASDAQ,RRBI
NASDAQ,COFS
NYSE,ETB
NASDAQ,OPAL
NYSE,DDL
NYSE,NQP
NASDAQ,SBC
NASDAQ,HBCP
NYSE,FTK
NYSE,BFK
NASDAQ,RAPT
NYSE,PNNT
NASDAQ,LRMR
NASDAQ,NCMI
NASDAQ,ESEA
NASDAQ,ANGO
NYSE,NLOP
NYSE,JELD
NYSE,TRC
NASDAQ,NAKA
NASDAQ,CTKB
NASDAQ,FBIZ
NASDAQ,LZMH
NYSE,AII
NASDAQ,SWBI
NASDAQ,MAMA
NYSE,HQL
NASDAQ,HDSN
NYSE,SD
NYSE,MUA
NASDAQ,SMLR
NYSE,NMAI
NYSE,GBLI
NASDAQ,SRDX
NASDAQ,KRNY
NYSE,VPG
NASDAQ,PERI
NYSE,CHCT
NASDAQ,ATGL
NYSE,FFA
NYSE,LZM
NASDAQ,SRTA
NYSE,SMC
NASDAQ,IMXI
NASDAQ,ALMS
NASDAQ,TMCI
NYSE,KFS
NASDAQ,TONX
NASDAQ,CMCO
NYSE,WNC
NASDAQ,HNST
NASDAQ,CBLL
NYSE,IPI
NASDAQ,AUTL
NYSE,BKKT
NASDAQ,ASTL
NASDAQ,FRBA
NASDAQ,AIP
NASDAQ,ETHZ
NYSE,BOC
NASDAQ,ATXS
NYSE,EHAB
NASDAQ,CMRC
NYSE,ADCT
NYSE,TCI
NASDAQ,LWAY
NYSE,GNE
NASDAQ,JOUT
NASDAQ,ABSI
NYSE,GBAB
NASDAQ,TTGT
NASDAQ,ATEX
NYSE,RM
NYSE,XFLT
NASDAQ,CWBC
NASDAQ,BSRR
NYSE,ZIP
NASDAQ,BMRC
NASDAQ,BZAI
NASDAQ,CIVB
NASDAQ,TITN
NYSE,DDD
NYSE,LAW
NASDAQ,VSTA
NYSE,ANGX
NYSE,MVF
NASDAQ,ASLE
NASDAQ,ILPT
NASDAQ,SY
NYSE,MAGN
NASDAQ,DFDV
NASDAQ,FDMT
NASDAQ,TACO
NYSE,HLLY
NASDAQ,GCBC
NYSE,SGU
NYSE,PSBD
NYSE,HIX
NYSE,SAR
NASDAQ,EOLS
NYSE,BRCC
NYSE,LEO
NYSE,PKE
NASDAQ,MVIS
NYSE,JRI
NYSE,MBI
NASDAQ,DHIL
NYSE,MSB
NASDAQ,ASMB
NASDAQ,PUBM
NASDAQ,KMDA
NASDAQ,AURA
NYSE,XPOF
NASDAQ,JACK
NASDAQ,KRRO
NASDAQ,GPAT
NYSE,FVR
NYSE,PFL
NYSE,SCM
NASDAQ,MSBI
NYSE,TBN
NYSE,MYN
NASDAQ,ALTS
NASDAQ,DCTH
NYSE,MLP
NYSE,OIS
NYSE,LXFR
NASDAQ,DSGN
NASDAQ,TSAT
NYSE,DIN
NASDAQ,CAN
NASDAQ,IHRT
NASDAQ,PDYN
NASDAQ,RWAY
NASDAQ,KOPN
NYSE,TE
NASDAQ,CDZI
NASDAQ,ANNX
NASDAQ,GTEN
NASDAQ,RXST
NASDAQ,SFST
NASDAQ,BBCP
NYSE,OMI
NASDAQ,GPRO
NASDAQ,ANPA
NYSE,SOR
NASDAQ,VALU
NYSE,ACCO
NASDAQ,LXEO
NASDAQ,CHSCP
NASDAQ,THH
NYSE,HVT
NYSE,SPIR
NASDAQ,PACB
NASDAQ,CARL
NYSE,HIO
NASDAQ,MTRX
NYSE,HPF
NASDAQ,NIU
NASDAQ,AMCX
NYSE,NGS
NASDAQ,FMAO
NASDAQ,BWFG
NASDAQ,BNTC
NASDAQ,SPOK
NASDAQ,DMAC
NASDAQ,EMPD
NYSE,EAF
NASDAQ,PDLB
NYSE,FOF
NYSE,HFRO
NASDAQ,MCFT
NASDAQ,MLAB
NYSE,EDD
NASDAQ,SATL
NYSE,MTW
NYSE,BGS
NYSE,NAN
NASDAQ,ALT
NASDAQ,WTBA
NASDAQ,CGEM
NASDAQ,RCKT
NYSE,ZTR
NYSE,GPRK
NASDAQ,USCB
NYSE,SPMC
NYSE,SLQT
NYSE,PPT
NASDAQ,API
NASDAQ,HCMAU
NYSE,RCS
NASDAQ,ANNA
NASDAQ,MBVIU
NASDAQ,VERI
NASDAQ,OPRX
NASDAQ,PANL
NASDAQ,DRTS
NASDAQ,IPCX
NASDAQ,NNDM
NASDAQ,GIG
NYSE,BGR
NASDAQ,LBRX
NASDAQ,ZEUS
NASDAQ,DMAA
NYSE,OOMA
NYSE,ORN
NASDAQ,AENT
NASDAQ,OBT
NASDAQ,ZUMZ
NYSE,FET
NASDAQ,AZ
NASDAQ,EM
NYSE,CLDT
NASDAQ,INVZ
NASDAQ,TVRD
NYSE,ASG
NASDAQ,LPTH
NYSE,CLW
NYSE,TWN
NASDAQ,LSAK
NASDAQ,NPCE
NYSE,EIC
NASDAQ,ARTNA
NYSE,AWP
NYSE,NCV
NYSE,BRW
NASDAQ,IMRX
NASDAQ,BNC
NASDAQ,CTNM
NYSE,ARDC
NYSE,BNED
NASDAQ,RXT
NASDAQ,AMRN
NASDAQ,ENGN
NASDAQ,MTLS
NASDAQ,TOI
NYSE,BGT
NASDAQ,VACH
NASDAQ,PBFS
NYSE,QUAD
NYSE,ONIT
NASDAQ,LAND
NASDAQ,RBB
NASDAQ,AACI
NASDAQ,GCL
NASDAQ,SDHI
NYSE,NC
NYSE,GCO
NASDAQ,BGL
NYSE,BFZ
NASDAQ,TKNO
NYSE,AGD
NYSE,MIY
NASDAQ,CAPR
NYSE,MPX
NASDAQ,SUIG
NASDAQ,REPL
NASDAQ,AMBR
NASDAQ,HYMC
NASDAQ,BCML
NASDAQ,MPAA
NYSE,RFI
NASDAQ,OFLX
NASDAQ,CDRO
NASDAQ,MVBF
NASDAQ,RITR
NASDAQ,ACTG
NYSE,RMAX
NYSE,KNOP
NYSE,RNGR
NASDAQ,PAYS
NASDAQ,NVEC
NYSE,JGH
NYSE,BGH
NASDAQ,ALEC
NASDAQ,AIRJ
NASDAQ,VCIC
NASDAQ,NPAC
NASDAQ,NEWT
NASDAQ,BRY
NYSE,AFB
NYSE,EFT
NASDAQ,ALDF
NASDAQ,CCIX
NASDAQ,ALMU
NASDAQ,CURI
NYSE,TRAK
NASDAQ,WTF
NASDAQ,CZNC
NYSE,SPXX
NASDAQ,FSBW
NASDAQ,MREO
NYSE,CBAN
NYSE,CMDB
NASDAQ,RDAG
NASDAQ,TBRG
NASDAQ,TCMD
NASDAQ,UPXI
NASDAQ,EGHT
NASDAQ,NRC
NYSE,AVBC
NASDAQ,INV
NYSE,MHN
NASDAQ,ARQ
NASDAQ,PLBC
NYSE,WTI
NYSE,XPER
NYSE,MG
NASDAQ,LFMD
NASDAQ,TBCH
NASDAQ,CADL
NASDAQ,PCB
NYSE,MIN
NASDAQ,ALDX
NASDAQ,ALF
NASDAQ,MBAV
NASDAQ,OMER
NASDAQ,FLWS
NASDAQ,WENN
NASDAQ,SCPH
NASDAQ,KFII
NASDAQ,ATII
NASDAQ,LPAA
NASDAQ,QSI
NASDAQ,VNDA
NASDAQ,FNLC
NYSE,SEG
NASDAQ,LOCO
NASDAQ,PKOH
NASDAQ,SLP
NYSE,NL
NASDAQ,BCAR
NASDAQ,VFF
NYSE,BRT
NYSE,MOV
NASDAQ,WSBF
NASDAQ,CZFS
NASDAQ,SNWV
NASDAQ,FEIM
NYSE,PMO
NASDAQ,NECB
NASDAQ,CAEP
NASDAQ,FSTR
NYSE,OCFT
NASDAQ,GALT
NASDAQ,EDIT
NYSE,BW
NYSE,DSM
NASDAQ,GAMB
NYSE,TDF
NASDAQ,MASS
NASDAQ,TTSH
NYSE,NCA
NASDAQ,AVNW
NASDAQ,WEYS
NASDAQ,JMSB
NASDAQ,III
NYSE,TEI
NYSE,CIA
NASDAQ,MNTK
NASDAQ,AARD
NASDAQ,TECX
NASDAQ,PNRG
NYSE,CVEO
NYSE,MXF
NYSE,UIS
NYSE,OIA
NASDAQ,SMTI
NASDAQ,ANTA
NYSE,DBL
NASDAQ,NODK
NASDAQ,NMRA
NYSE,BYM
NASDAQ,OPRT
NASDAQ,FINW
NASDAQ,ACIU
NYSE,MMD
NYSE,CIO
NASDAQ,MSGY
NASDAQ,NATR
NASDAQ,REFI
NASDAQ,TACH
NYSE,TG
NASDAQ,SOPH
NASDAQ,ABEO
NYSE,SJT
NASDAQ,STRT
NASDAQ,GWRS
NASDAQ,ALLO
NASDAQ,CGCT
NASDAQ,JBIO
NASDAQ,CERS
NYSE,CAF
NYSE,COSO
NYSE,MEC
NASDAQ,IMAB
NASDAQ,AVBH
NASDAQ,WW
NASDAQ,HUMA
NASDAQ,FHTX
NASDAQ,DENN
NASDAQ,LNKB
NASDAQ,AUDC
NASDAQ,MKTW
NYSE,SCE/PG
NYSE,BKT
NYSE,SMRT
NASDAQ,LMNR
NYSE,DOUG
NYSE,SOUL
NASDAQ,TNYA
NASDAQ,TSBK
NYSE,MEI
NYSE,SBXD
NYSE,AEXA
NYSE,HYAC
NYSE,JACS
NASDAQ,RTAC
NYSE,ARL
NYSE,MCR
NASDAQ,WILC
NYSE,HYI
NASDAQ,BACQ
NASDAQ,PCYO
NASDAQ,FRST
NYSE,PMM
NASDAQ,CCII
NASDAQ,KYTX
NASDAQ,ONEW
NYSE,JILL
NYSE,JCE
NASDAQ,LFCR
NYSE,OPP
NYSE,ACRE
NASDAQ,RICK
NASDAQ,PKBK
NYSE,DXYZ
NASDAQ,HRZN
NASDAQ,OYSE
NASDAQ,PCAP
NASDAQ,VMD
NASDAQ,LPRO
NASDAQ,BRR
NYSE,EB
NYSE,EOT
NYSE,FCT
NYSE,MMT
NASDAQ,CEPT
NASDAQ,BLUW
NYSE,NCZ
NASDAQ,KCHV
NYSE,FCRS.U
NASDAQ,ISBA
NASDAQ,OM
NYSE,SABA
NASDAQ,PAMT
NASDAQ,ALCO
NYSE,RIV
NASDAQ,UFG
NASDAQ,FDBC
NASDAQ,CHMG
NASDAQ,JRVR
NASDAQ,HCMA
NYSE,ONTF
NASDAQ,CTRN
NYSE,FC
NASDAQ,FCEL
NASDAQ,NGNE
NASDAQ,PMTR
NYSE,IIF
NYSE,CHPT
NASDAQ,LOVE
NASDAQ,LIEN
NASDAQ,PACH
NASDAQ,OBA
NASDAQ,FENC
NYSE,NUW
NASDAQ,MBCN
NASDAQ,VYGR
NASDAQ,CRMT
NASDAQ,FLXS
NASDAQ,SDA
NYSE,GHI
NASDAQ,WNEB
NYSE,NREF
NASDAQ,SKIN
NASDAQ,GASS
NYSE,CMCM
NASDAQ,POLE
NASDAQ,VNME
NYSE,FOA
NASDAQ,BLZRU
NASDAQ,WALD
NYSE,PSF
NASDAQ,FUNC
NYSE,EMF
NASDAQ,LYEL
NYSE,SI
NASDAQ,FUND
NYSE,AMPY
NASDAQ,INSE
NASDAQ,OVLY
NASDAQ,MLAC
NYSE,ACV
NYSE,TVC
NASDAQ,GEOS
NASDAQ,UHG
NASDAQ,PBYI
NASDAQ,MFIN
NASDAQ,FBLA
NYSE,BNY
NASDAQ,TRVG
NASDAQ,EGAN
NASDAQ,SIMA
NYSE,NRDY
NASDAQ,CUB
NASDAQ,STRZ
NASDAQ,QTRX
NASDAQ,BTM
NASDAQ,NWFL
NASDAQ,RNAC
NASDAQ,AACB
NYSE,EOD
NASDAQ,FERA
NYSE,MITT
NASDAQ,MGRM
NASDAQ,LPBB
NYSE,TSI
NYSE,LANV
NASDAQ,TVA
NASDAQ,XGN
NASDAQ,NETD
NASDAQ,AFRI
NASDAQ,SSP
NASDAQ,OTGAU
NASDAQ,HVMCU
NASDAQ,FVCB
NASDAQ,ATNI
NASDAQ,DRDB
NASDAQ,NNOX
NASDAQ,CRAQ
NYSE,JENA
NASDAQ,VIOT
NASDAQ,AREC
NASDAQ,VUZI
NYSE,TPVG
NASDAQ,KLTR
NASDAQ,RGCO
NASDAQ,TLSI
NASDAQ,LOKV
NASDAQ,TLNCU
NASDAQ,ETHM
NASDAQ,OSUR
NASDAQ,GSRT
NYSE,JRS
NASDAQ,TWNP
NASDAQ,SLSN
NASDAQ,USAU
NASDAQ,SZZL
NASDAQ,AVIR
NASDAQ,OABI
NASDAQ,IMMR
NASDAQ,CHAC
NASDAQ,BZUN
NYSE,ALTG
NASDAQ,VOR
NASDAQ,RDCM
NASDAQ,ISTR
NYSE,SRG
NASDAQ,TLSA
NASDAQ,MDXH
NASDAQ,KOYN
NASDAQ,MACI
NASDAQ,SGMT
NASDAQ,SNFCA
NASDAQ,IRWD
NASDAQ,DOYU
NASDAQ,PVBC
NASDAQ,EFTY
NYSE,AOMR
NYSE,LGI
NASDAQ,ASUR
NASDAQ,NHPAP
NASDAQ,LCNB
NASDAQ,FCCO
NYSE,GHG
NASDAQ,FLX
NASDAQ,INGN
NASDAQ,NXXT
NASDAQ,RCKY
NASDAQ,CFFI
NASDAQ,CDXS
NASDAQ,PRQR
NASDAQ,FSFG
NASDAQ,HRTX
NYSE,MQT
NYSE,MVT
NASDAQ,REKR
NASDAQ,LWAC
NASDAQ,TRDA
NASDAQ,MYFW
NYSE,MFM
NYSE,MUE
NASDAQ,EWCZ
NASDAQ,BYND
NASDAQ,IVVD
NASDAQ,BTCS
NASDAQ,BPRN
NASDAQ,HWBK
NASDAQ,INSG
NYSE,EVC
NYSE,RAC
NYSE,FRGE
NASDAQ,CABA
NASDAQ,ACRS
NASDAQ,CEPO
NASDAQ,AXTI
NASDAQ,SAFX
NASDAQ,ZJK
NYSE,CBNA
NASDAQ,FRAF
NASDAQ,CV
NYSE,EARN
NYSE,CCRD
NASDAQ,DMRC
NASDAQ,BRLT
NASDAQ,TOYO
NASDAQ,NHIC
NASDAQ,VTYX
NASDAQ,TNXP
NASDAQ,OPBK
NASDAQ,SSSS
NYSE,ETX
NASDAQ,TCX
NYSE,SRI
NASDAQ,KINS
NYSE,NPV
NASDAQ,CRNT
NASDAQ,EFSI
NASDAQ,LVRO
NASDAQ,GSRFU
NASDAQ,BACC
NASDAQ,ISSC
NASDAQ,VABK
NYSE,MPV
NASDAQ,FGNX
NASDAQ,FXNC
NASDAQ,OACC
NASDAQ,GSHR
NASDAQ,KG
NASDAQ,JAKK
NASDAQ,INBK
NASDAQ,FNKO
NASDAQ,TVAI
NASDAQ,AXIN
NYSE,DSX
NASDAQ,SVACU
NASDAQ,ATLN
NASDAQ,APAD
NASDAQ,NIPG
NASDAQ,SCLX
NASDAQ,FFAI
NYSE,ZVIA
NASDAQ,CXDO
NASDAQ,CEP
NASDAQ,MRNO
NASDAQ,UTMD
NASDAQ,TWIN
NASDAQ,BLFY
NYSE,FT
NASDAQ,HVII
NASDAQ,SGMO
NASDAQ,YMT
NASDAQ,RCMT
NASDAQ,FORR
NYSE,PINE
NYSE,PAII
NASDAQ,CRBU
NYSE,EHI
NYSE,SRV
NASDAQ,SAMG
NASDAQ,CVRX
NASDAQ,HCAT
NYSE,SPCE
NYSE,WIA
NYSE,DMB
NASDAQ,STEX
NASDAQ,NKSH
NYSE,BKN
NYSE,HBB
NASDAQ,BIOA
NASDAQ,BDTX
NASDAQ,NTHI
NASDAQ,MDWD
NASDAQ,MCGA
NASDAQ,RILY
NYSE,PERF
NASDAQ,PLMK
NYSE,BHR
NASDAQ,SMID
NASDAQ,PAL
NASDAQ,FACT
NYSE,NXDT
NYSE,WOLF
NYSE,VLN
NASDAQ,SXTC
NYSE,DHF
NASDAQ,ARAY
NASDAQ,DVLT
NYSE,DBI
NASDAQ,FTLF
NYSE,TBI
NYSE,SMHI
NASDAQ,NTWO
NASDAQ,MRAM
NASDAQ,PPIH
NASDAQ,DERM
NYSE,FLC
NYSE,VPV
NYSE,COPL
NYSE,GF
NASDAQ,PESI
NASDAQ,KRMD
NASDAQ,MERC
NYSE,NXG
NYSE,BSL
NASDAQ,SGHT
NASDAQ,ONEG
NASDAQ,ATLO
NASDAQ,RAIL
NASDAQ,MRBK
NASDAQ,DOGZ
NASDAQ,XTKG
NYSE,CHN
NASDAQ,SHIP
NASDAQ,EXFY
NYSE,VBF
NASDAQ,STRS
NASDAQ,ARBE
NASDAQ,ELTX
NASDAQ,MAPS
NASDAQ,STIM
NYSE,IGA
NASDAQ,OVBC
NASDAQ,NVFY
NASDAQ,TDAC
NASDAQ,GTERA
NASDAQ,APLT
NASDAQ,SWKH
NASDAQ,LTRX
NASDAQ,SVCC
NASDAQ,STSS
NASDAQ,ONCH
NASDAQ,ESCA
NASDAQ,SOCA
NASDAQ,ROMA
NASDAQ,AEYE
NASDAQ,DAAQ
NYSE,CURV
NASDAQ,TRUE
NASDAQ,PMTS
NASDAQ,RAAQ
NASDAQ,CPSS
NASDAQ,CHRS
NASDAQ,IMPP
NYSE,SRFM
NASDAQ,CBIO
NASDAQ,SVCO
NASDAQ,FLD
NYSE,FF
NASDAQ,FBRX
NASDAQ,OMSE
NASDAQ,SLS
NYSE,COOK
NASDAQ,SGC
NASDAQ,RDNW
NASDAQ,ESOA
NASDAQ,PEBK
NASDAQ,MIST
NASDAQ,TDIC
NASDAQ,NAMM
NASDAQ,RGP
NASDAQ,SEAT
NASDAQ,CBFV
NASDAQ,ILLR
NASDAQ,ENTA
NASDAQ,POWW
NASDAQ,BOOM
NASDAQ,AISP
NASDAQ,USGO
NASDAQ,UBFO
NASDAQ,MB
NASDAQ,CTOR
NASDAQ,HNVR
NASDAQ,PEPG
NASDAQ,IBAC
NASDAQ,MCRB
NASDAQ,PLBY
NYSE,PIM
NASDAQ,WHF
NYSE,AVD
NASDAQ,SNBR
NASDAQ,RANG
NYSE,PNI
NYSE,SDHC
NASDAQ,TAVI
NASDAQ,ZENA
NASDAQ,CRGO
NASDAQ,TARA
NASDAQ,PRE
NASDAQ,BVFL
NASDAQ,GMGI
NASDAQ,KWM
NASDAQ,MXCT
NYSE,CHGG
NASDAQ,MNSB
NASDAQ,CZWI
NASDAQ,ELDN
NASDAQ,AMTX
NASDAQ,TEAD
NASDAQ,ACTU
NASDAQ,RFAI
NASDAQ,SHMD
NASDAQ,TTEC
NASDAQ,BLNK
NYSE,WHG
NASDAQ,SEVN
NASDAQ,CCCC
NASDAQ,GNLX
NASDAQ,MIMI
NYSE,VTN
NASDAQ,TYGO
NYSE,PEW
NYSE,MHF
NASDAQ,WLAC
NASDAQ,BCIC
NYSE,ACR
NYSE,TEAF
NASDAQ,FRD
NASDAQ,ZURA
NASDAQ,CFBK
NASDAQ,TVGN
NASDAQ,BANX
NYSE,EDF
NASDAQ,CHCI
NASDAQ,TAYD
NASDAQ,LARK
NYSE,NNY
NASDAQ,EGHA
NASDAQ,FIGX
NYSE,ONL
NASDAQ,NVCT
NASDAQ,ESGL
NASDAQ,AVR
NASDAQ,LHAI
NASDAQ,MKLYU
NYSE,PFD
NASDAQ,FCAP
NASDAQ,PNBK
NASDAQ,NEOV
NASDAQ,ACHV
NASDAQ,SSTI
NASDAQ,GAIA
NASDAQ,BFIN
NASDAQ,BCBP
NYSE,BGX
NASDAQ,HFFG
NYSE,MSD
NASDAQ,MRCC
NASDAQ,JYNT
NASDAQ,ISPR
NYSE,MDV
NASDAQ,PLCE
NYSE,MED
NASDAQ,CDLX
NASDAQ,EML
NASDAQ,LATAU
NYSE,STEM
NASDAQ,RMBI
NASDAQ,HIT
NYSE,OWLT
NASDAQ,CRBP
NASDAQ,CAAS
NASDAQ,VRM
NASDAQ,BTMD
NASDAQ,LNSR
NASDAQ,SUNS
NASDAQ,OCCI
NASDAQ,SPWR
NASDAQ,MBOT
NASDAQ,IPOD
NASDAQ,FOSL
NASDAQ,BEEP
NASDAQ,DUOT
NYSE,MPA
NASDAQ,LAKE
NYSE,BWG
NASDAQ,NKTX
NASDAQ,RPID
NASDAQ,MATH
NASDAQ,SAVA
NASDAQ,CLYM
NASDAQ,STTK
NYSE,GPMT
NYSE,IH
NYSE,BARK
NASDAQ,DKI
NYSE,GRX
NASDAQ,ECBK
NASDAQ,CCLD
NASDAQ,AVTX
NYSE,GGT
NASDAQ,RELL
NASDAQ,GLSI
NASDAQ,LUCD
NASDAQ,FNWD
NASDAQ,CLAR
NASDAQ,HAIN
NASDAQ,LAZR
NASDAQ,HQI
NASDAQ,EBMT
NASDAQ,RCEL
NASDAQ,VWAV
NASDAQ,VGAS
NYSE,OPAD
NASDAQ,HPAI
NYSE,NAZ
NASDAQ,BSET
NASDAQ,EMPG
NASDAQ,CRDF
NYSE,SKLZ
NYSE,PDCC
NYSE,JHS
NASDAQ,ASYS
NASDAQ,NCSM
NASDAQ,LINK
NASDAQ,DCGO
NASDAQ,KALA
NYSE,DMO
NYSE,WEA
NASDAQ,PYXS
NASDAQ,TROO
NYSE,DLNG
NASDAQ,INO
NYSE,DHX
NASDAQ,RBKB
NYSE,AXR
NASDAQ,OXSQ
NASDAQ,GECC
NASDAQ,ONCY
NASDAQ,OBIO
NASDAQ,CHECU
NASDAQ,ANIK
NASDAQ,DLTH
NASDAQ,EXOZ
NASDAQ,MLGO
NYSE,MCN
NASDAQ,LFVN
NASDAQ,CGEN
NYSE,BTA
NASDAQ,ARAI
NASDAQ,SBFG
NASDAQ,INAC
NASDAQ,SEER
NASDAQ,SKYE
NYSE,PFO
NASDAQ,SKYX
NASDAQ,RSSS
NASDAQ,QMCO
NASDAQ,YOUL
NASDAQ,NCTY
NASDAQ,AGEN
NASDAQ,KEQU
NASDAQ,NAN
NASDAQ,RRGB
NASDAQ,BMEA
NASDAQ,SVII
NASDAQ,MMLP
NASDAQ,SRBK
NYSE,KF
NASDAQ,VSME
NASDAQ,AFBI
NASDAQ,OSS
NASDAQ,HURA
NASDAQ,OVID
NASDAQ,VIRC
NASDAQ,SFBC
NASDAQ,CURR
NASDAQ,SPAI
NASDAQ,ASPS
NASDAQ,FGBI
NYSE,JHI
NASDAQ,CSPI
NASDAQ,MAYA
NASDAQ,MYPS
NYSE,CCIF
NASDAQ,HOFT
NYSE,PAI
NASDAQ,FLL
NASDAQ,PELI
NASDAQ,NMP
NASDAQ,EHTH
NASDAQ,ATOM
NASDAQ,MAMO
NASDAQ,WRAP
NASDAQ,ACNT
NASDAQ,SORA
NASDAQ,HYPR
NYSE,JEQ
NASDAQ,CGO
NASDAQ,SIEB
NASDAQ,GIFI
NASDAQ,SERA
NASDAQ,CGTX
NASDAQ,TUSK
NASDAQ,BSBK
NYSE,CXE
NASDAQ,SPWH
NYSE,MX
NYSE,RPT
NYSE,GGZ
NASDAQ,FBIO
NASDAQ,QSEA
NASDAQ,IKT
NASDAQ,FATE
NASDAQ,GAUZ
NYSE,SKIL
NASDAQ,UNB
NYSE,IHD
NASDAQ,SPEG
NYSE,NIM
NASDAQ,ACOG
NASDAQ,TIL
NASDAQ,EPSN
NASDAQ,SNT
NASDAQ,QVCGA
NYSE,GNT
NASDAQ,ULBI
NASDAQ,RVSB
NASDAQ,STHO
NASDAQ,KVHI
NASDAQ,ANIX
NASDAQ,ZNTL
NASDAQ,ATLX
NASDAQ,GSIT
NASDAQ,MGYR
NASDAQ,HURC
NYSE,TSQ
NYSE,LFT
NASDAQ,ATOS
NASDAQ,PDEX
NYSE,SBI
NASDAQ,LHSW
NASDAQ,TZOO
NASDAQ,GNSS
NYSE,AKA
NASDAQ,MGNX
NASDAQ,IRBT
NASDAQ,NNBR
NASDAQ,IRD
NASDAQ,AOUT
NASDAQ,VTGN
NASDAQ,IDN
NASDAQ,SAIH
NYSE,NMT
NASDAQ,KVAC
NYSE,STG
NASDAQ,HOUR
NASDAQ,FTCI
NYSE,ANRO
NASDAQ,TOUR
NASDAQ,SPRO
NASDAQ,DOMH
NASDAQ,CTW
NASDAQ,CCG
NASDAQ,PROV
NASDAQ,TCRX
NASDAQ,NAUT
NASDAQ,OFS
NASDAQ,SKBL
NASDAQ,YDKG
NASDAQ,IOBT
NYSE,JLS
NASDAQ,PRPL
NASDAQ,FGMC
NASDAQ,KNDI
NYSE,ENJ
NYSE,NMI
NYSE,MGF
NASDAQ,HUHU
NASDAQ,LSBK
NASDAQ,QUIK
NYSE,AMWL
NASDAQ,ALXO
NYSE,EVF
NYSE,CEE
NASDAQ,EMISU
NASDAQ,NSPR
NASDAQ,ICG
NYSE,IGI
NASDAQ,SRZN
NASDAQ,ORMP
NASDAQ,BUUU
NASDAQ,GRWG
NASDAQ,ANEB
NYSE,PGP
NASDAQ,SILC
NASDAQ,NOEM
NASDAQ,HOVR
NASDAQ,LPSN
NASDAQ,FONR
NASDAQ,GUTS
NASDAQ,PFX
NASDAQ,ATRA
NASDAQ,GENK
NASDAQ,BNR
NASDAQ,AUBN
NASDAQ,DIBS
NASDAQ,FNGR
NYSE,SOL
NASDAQ,IMDX
NASDAQ,SFWL
NASDAQ,WIMI
NASDAQ,HOWL
NASDAQ,ADVM
NASDAQ,PBHC
NASDAQ,PCSC
NASDAQ,FSHP
NASDAQ,LIDR
NASDAQ,FTEK
NASDAQ,BIOX
NASDAQ,ENGS
NASDAQ,KLRS
NASDAQ,HSPT
NASDAQ,AFCG
NASDAQ,SHIM
NASDAQ,PROP
NASDAQ,XBP
NASDAQ,DTSQ
NASDAQ,PLRX
NASDAQ,SND
NASDAQ,CFSB
NYSE,PSQH
NYSE,RMI
NASDAQ,LSE
NASDAQ,IMUX
NASDAQ,ADAG
NASDAQ,BAER
NASDAQ,COYA
NASDAQ,RFIL
NASDAQ,GGR
NASDAQ,CHAR
NASDAQ,WHWK
NASDAQ,SOGP
NASDAQ,PGAC
NYSE,CHMI
NASDAQ,EDAP
NASDAQ,OPXS
NYSE,SRL
NASDAQ,UCL
NYSE,VGI
NASDAQ,CODA
NASDAQ,LCCC
NYSE,GDO
NASDAQ,AEI
NASDAQ,EQ
NYSE,TSE
NASDAQ,ZJYL
NASDAQ,OMEX
NASDAQ,WSBK
NASDAQ,FATN
NASDAQ,CNTB
NASDAQ,THCH
NYSE,CMU
NASDAQ,NTRB
NASDAQ,IFRX
NYSE,UFI
NASDAQ,ZYBT
NASDAQ,IROQ
NASDAQ,TZUP
NASDAQ,CSBR
NASDAQ,CHPG
NASDAQ,LCUT
NASDAQ,ORIQ
NASDAQ,QNCX
NASDAQ,INVE
NASDAQ,YTRA
NASDAQ,IMA
NASDAQ,ABOS
NASDAQ,MGX
NASDAQ,QUMSU
NASDAQ,ASRT
NYSE,GCTS
NASDAQ,PRLD
NASDAQ,VANI
NASDAQ,ALTO
NASDAQ,COEP
NASDAQ,LITS
NYSE,CATO
NASDAQ,HNNA
NASDAQ,DTI
NASDAQ,AIFU
NASDAQ,ABVE
NYSE,RGT
NASDAQ,OCG
NASDAQ,ENTX
NASDAQ,HYFT
NASDAQ,DAIC
NASDAQ,SLNH
NASDAQ,CPHC
NASDAQ,ISRL
NYSE,IAE
NASDAQ,ATYR
NYSE,NXC
NASDAQ,XBIT
NASDAQ,FEAM
NASDAQ,OKYO
NASDAQ,CAPN
NASDAQ,WGRX
NASDAQ,CNTX
NYSE,GCV
NASDAQ,COLA
NYSE,PCM
NASDAQ,YHNA
NASDAQ,SLGL
NASDAQ,BDMD
NASDAQ,SSBI
NASDAQ,SGA
NASDAQ,MCHX
NASDAQ,DLHC
NASDAQ,UBCP
NASDAQ,CBAT
NASDAQ,RCT
NASDAQ,GDC
NYSE,DTF
NASDAQ,ZEO
NASDAQ,BLNE
NASDAQ,KPLT
NASDAQ,AMPG
NASDAQ,FVN
NYSE,SWZ
NASDAQ,PMVP
NASDAQ,RDAC
NASDAQ,XCH
NASDAQ,ALOT
NASDAQ,UYSC
NASDAQ,XFOR
NASDAQ,CNTY
NASDAQ,SLNG
NYSE,DMA
NASDAQ,GMHS
NASDAQ,GEG
NASDAQ,FDSB
NYSE,BGSF
NYSE,TISI
NASDAQ,CRVO
NASDAQ,AIRE
NASDAQ,MAYS
NASDAQ,HLP
NASDAQ,APYX
NASDAQ,STKS
NASDAQ,CMTL
NASDAQ,ORGN
NASDAQ,LOOP
NASDAQ,STRO
NASDAQ,PLBL
NASDAQ,ABVC
NASDAQ,NTIC
NASDAQ,ELTK
NASDAQ,SNCR
NASDAQ,RYM
NYSE,SST
NASDAQ,DSY
NASDAQ,FNWB
NASDAQ,SPKL
NYSE,VLT
NASDAQ,UPLD
NASDAQ,DXLG
NASDAQ,BRID
NASDAQ,RPTX
NASDAQ,GOCO
NASDAQ,ARTV
NASDAQ,HOLO
NASDAQ,ODYS
NYSE,ICR/PA
NYSE,EEA
NASDAQ,BOTJ
NASDAQ,ACFN
NASDAQ,OCC
NASDAQ,FUSB
NASDAQ,VTVT
NASDAQ,UNCY
NASDAQ,BYSI
NASDAQ,LUNG
NASDAQ,YIBO
NASDAQ,CBUS
NASDAQ,WFCF
NYSE,MVO
NASDAQ,PIII
NASDAQ,NRXP
NASDAQ,ICCM
NASDAQ,ACET
NASDAQ,MDIA
NASDAQ,RGS
NASDAQ,ZENV
NASDAQ,PMEC
NYSE,PGZ
NASDAQ,TDTH
NASDAQ,AFJK
NASDAQ,JSPR
NASDAQ,CPBI
NASDAQ,FORA
NYSE,NMS
NASDAQ,MTEN
NASDAQ,BYFC
NASDAQ,GRAN
NASDAQ,NAMI
NASDAQ,ASPC
NASDAQ,KBSX
NASDAQ,UEIC
NASDAQ,RDZN
NASDAQ,GAME
NASDAQ,MIND
NASDAQ,SOTK
NYSE,WBX
NASDAQ,LASE
NYSE,NOTE
NYSE,LOCL
NASDAQ,MNY
NASDAQ,HTCO
NASDAQ,GANX
NASDAQ,IZEA
NYSE,CXH
NASDAQ,CNVS
NASDAQ,FLUX
NYSE,VATE
NASDAQ,AIRT
NASDAQ,AIRTP
NASDAQ,NXTT
NASDAQ,BZFD
NASDAQ,ATPC
NASDAQ,ANL
NASDAQ,TURB
NYSE,TLYS
NASDAQ,DSWL
NASDAQ,EUDA
NASDAQ,INKT
NASDAQ,PAVS
NASDAQ,CVGI
NYSE,TGE
NASDAQ,LOAN
NYSE,GROV
NASDAQ,MNOV
NASDAQ,TORO
NASDAQ,BDSX
NASDAQ,RCON
NYSE,CLPR
NASDAQ,FLNT
NASDAQ,YSXT
NASDAQ,FTHM
NASDAQ,PSTV
NASDAQ,SHOT
NYSE,PVL
NASDAQ,SSEAU
NASDAQ,VTSI
NASDAQ,BSAA
NASDAQ,NSTS
NASDAQ,NEON
NYSE,NEUE
NYSE,JMM
NASDAQ,ALGS
NASDAQ,OAKU
NASDAQ,CAMP
NASDAQ,RLMD
NASDAQ,CELU
NASDAQ,ATHR
NASDAQ,YXT
NASDAQ,IMMX
NASDAQ,VELO
NASDAQ,DXR
NASDAQ,HGBL
NASDAQ,MAXN
NASDAQ,DTIL
NASDAQ,CLNN
NASDAQ,MFI
NASDAQ,AAME
NASDAQ,JZXN
NASDAQ,CTSO
NASDAQ,SURG
NASDAQ,BRFH
NASDAQ,GNTA
NASDAQ,YGMZ
NASDAQ,TELA
NASDAQ,SELF
NASDAQ,SPCB
NASDAQ,BEAT
NASDAQ,OPTX
NASDAQ,DWSN
NASDAQ,KPTI
NASDAQ,VRA
NASDAQ,LIVE
NASDAQ,LESL
NYSE,BEDU
NASDAQ,SMXT
NASDAQ,MESA
NASDAQ,MDAI
NASDAQ,PHUN
NASDAQ,IXHL
NASDAQ,LVO
NASDAQ,KSCP
NASDAQ,NTWK
NASDAQ,JUNS
NASDAQ,GMM
NASDAQ,PETS
NASDAQ,CIGL
NASDAQ,VERU
NASDAQ,CLST
NASDAQ,CPSH
NASDAQ,LNZA
NASDAQ,ICCC
NASDAQ,CUE
NASDAQ,HYPD
NASDAQ,HKIT
NASDAQ,FSEA
NYSE,CULP
NASDAQ,AWRE
NYSE,NRT
NASDAQ,RIBB
NASDAQ,TACT
NASDAQ,INMB
NYSE,SOS
NASDAQ,TBMC
NASDAQ,BTAI
NASDAQ,YDES
NASDAQ,AACG
NASDAQ,ACRV
NASDAQ,ALCY
NASDAQ,TIRX
NYSE,MXE
NASDAQ,RECT
NASDAQ,ATMV
NASDAQ,REFR
NASDAQ,EURK
NYSE,FMY
NASDAQ,HSPO
NASDAQ,PXLW
NASDAQ,NHTC
NASDAQ,MDCX
NASDAQ,SRTS
NASDAQ,RDI
NASDAQ,CSTE
NASDAQ,MOBX
NASDAQ,TPCS
NASDAQ,NVNI
NASDAQ,FGEN
NASDAQ,KOSS
NASDAQ,PBBK
NYSE,VOC
NASDAQ,RYET
NASDAQ,FKWL
NASDAQ,BRLS
NASDAQ,SYPR
NASDAQ,BRNS
NYSE,AP
NASDAQ,RAVE
NASDAQ,AIRG
NASDAQ,ONMD
NASDAQ,JG
NASDAQ,MAGH
NASDAQ,ASRV
NASDAQ,TCBS
NASDAQ,LTRN
NASDAQ,PPSI
NASDAQ,PDSB
NYSE,PRT
NASDAQ,NUAI
NYSE,RFL
NASDAQ,WAVE
NASDAQ,NOTV
NASDAQ,VVPR
NASDAQ,NEPH
NASDAQ,BWEN
NASDAQ,IMG
NYSE,NXN
NASDAQ,BIRD
NASDAQ,SCWO
NASDAQ,CPIX
NASDAQ,PODC
NASDAQ,BKHA
NASDAQ,NMTC
NASDAQ,BMR
NYSE,CRT
NASDAQ,HTLM
NYSE,VNCE
NASDAQ,BEEM
NASDAQ,AMOD
NASDAQ,RAND
NASDAQ,SCYX
NASDAQ,JLHL
NASDAQ,TELO
NASDAQ,ESHA
NASDAQ,XTIA
NASDAQ,NUKK
NASDAQ,ESLA
NASDAQ,PRTS
NYSE,KORE
NASDAQ,BREA
NASDAQ,IPSC
NASDAQ,ZYXI
NASDAQ,RMTI
NASDAQ,BTOC
NASDAQ,ABLV
NASDAQ,WETO
NASDAQ,PWM
NASDAQ,RNXT
NASDAQ,OTLK
NASDAQ,CALC
NASDAQ,HFBL
NASDAQ,IPWR
NASDAQ,GRCE
NASDAQ,AUID
NASDAQ,CLIR
NASDAQ,BODI
NASDAQ,USEG
NASDAQ,ELUT
NASDAQ,APWC
NASDAQ,AGH
NASDAQ,QETA
NASDAQ,JRSH
NASDAQ,LVTX
NASDAQ,TPST
NASDAQ,ATMC
NYSE,BTCM
NASDAQ,TLPH
NASDAQ,XLO
NASDAQ,UONE
NASDAQ,YI
NASDAQ,HERZ
NASDAQ,GBIO
NASDAQ,CYN
NASDAQ,ICMB
NASDAQ,CLGN
NASDAQ,RAIN
NASDAQ,STRRP
NASDAQ,STRR
NASDAQ,DYAI
NASDAQ,INTG
NASDAQ,VRCA
NYSE,SBDS
NASDAQ,BCAB
NASDAQ,LIMN
NASDAQ,ADAP
NASDAQ,USIO
NASDAQ,MODD
NASDAQ,BAYA
NASDAQ,FARM
NYSE,ANVS
NASDAQ,SNAL
NASDAQ,DBGI
NASDAQ,AIFF
NASDAQ,BLIV
NASDAQ,UBXG
NASDAQ,PLUR
NASDAQ,MRSN
NASDAQ,JFB
NASDAQ,KTCC
NASDAQ,ECOR
NASDAQ,TBHC
NASDAQ,ISPO
NYSE,SPRU
NASDAQ,BAFN
NASDAQ,MDBH
NASDAQ,JBDI
NASDAQ,SONN
NASDAQ,SNTI
NASDAQ,SELX
NASDAQ,MURA
NASDAQ,OMCC
NASDAQ,AGAE
NYSE,NTZ
NASDAQ,KLXE
NASDAQ,MSW
NASDAQ,VEEA
NASDAQ,FAT
NASDAQ,CISO
NASDAQ,UG
NASDAQ,SIDU
NYSE,AHT
NASDAQ,LEE
NASDAQ,LITM
NASDAQ,STEC
NASDAQ,VRAR
NYSE,LITB
NASDAQ,ORBS
NASDAQ,YYAI
NASDAQ,NCT
NASDAQ,GROW
NASDAQ,SWVL
NASDAQ,EDRY
NASDAQ,TOP
NYSE,FENG
NASDAQ,RANI
NASDAQ,BTOG
NASDAQ,HUIZ
NASDAQ,INTZ
NASDAQ,ANTX
NASDAQ,YQ
NASDAQ,PYPD
NASDAQ,OKUR
NASDAQ,POCI
NASDAQ,IINN
NASDAQ,QRHC
NASDAQ,COSM
NASDAQ,MTEK
NASDAQ,SOHO
NASDAQ,FOXX
NASDAQ,TENX
NASDAQ,BMGL
NASDAQ,BGFV
NASDAQ,GSIW
NYSE,RBOT
NASDAQ,ZBAO
NASDAQ,GIFT
NASDAQ,DFLI
NYSE,EQS
NASDAQ,ITRM
NASDAQ,DYCQ
NASDAQ,AERT
NYSE,CIF
NASDAQ,DRIO
NASDAQ,RMCO
NASDAQ,DAIO
NASDAQ,EBON
NASDAQ,AKTX
NASDAQ,VSA
NASDAQ,MKDW
NASDAQ,SWAG
NASDAQ,DTST
NASDAQ,KFFB
NASDAQ,JFU
NYSE,FEDU
NASDAQ,SPPL
NASDAQ,VBIX
NASDAQ,SCOR
NASDAQ,MBBC
NASDAQ,OPI
NASDAQ,CRWS
NASDAQ,OESX
NASDAQ,NIXX
NASDAQ,NRSN
NASDAQ,CENN
NASDAQ,RENB
NYSE,NINE
NASDAQ,PXS
NYSE,KTH
NASDAQ,PRZO
NASDAQ,MDRR
NASDAQ,BOSC
NASDAQ,ADGM
NASDAQ,LGCB
NASDAQ,KIDZ
NASDAQ,NDLS
NASDAQ,CVKD
NASDAQ,RVPH
NASDAQ,PRPO
NASDAQ,OMH
NASDAQ,DARE
NYSE,CNF
NASDAQ,ELOG
NASDAQ,SNYR
NYSE,MOGU
NASDAQ,KLTO
NASDAQ,NEUP
NASDAQ,RNTX
NASDAQ,ZCMD
NASDAQ,SYTA
NASDAQ,HHS
NASDAQ,CLPS
NASDAQ,CAPT
NASDAQ,NTRP
NASDAQ,FORL
NYSE,CCM
NASDAQ,STAI
NASDAQ,WLDS
NASDAQ,BCG
NASDAQ,KZR
NASDAQ,GREE
NASDAQ,SDST
NASDAQ,MGIH
NASDAQ,ARKR
NYSE,NYC
NASDAQ,IZM
NASDAQ,MCTR
NASDAQ,RYOJ
NASDAQ,JVA
NASDAQ,NSYS
NYSE,NOM
NASDAQ,SGRP
NASDAQ,NXGL
NASDAQ,BOLD
NASDAQ,EVAX
NASDAQ,BTCT
NASDAQ,SAGT
NASDAQ,CMBM
NASDAQ,BOF
NASDAQ,CSAI
NASDAQ,MIRA
NASDAQ,VSTD
NASDAQ,EPOW
NASDAQ,PASG
NASDAQ,WXM
NASDAQ,LIQT
NASDAQ,TGHL
NASDAQ,JL
NASDAQ,TLF
NASDAQ,ENLV
NASDAQ,SJ
NASDAQ,PSHG
NASDAQ,LRE
NASDAQ,MBRX
NASDAQ,HAO
NASDAQ,XOS
NASDAQ,YYGH
NASDAQ,CREX
NASDAQ,XCUR
NASDAQ,REE
NASDAQ,ZSPC
NASDAQ,FBLG
NASDAQ,CWD
NASDAQ,FCUV
NASDAQ,CYCU
NASDAQ,BLBX
NASDAQ,KMRK
NASDAQ,GTEC
NASDAQ,GYRO
NASDAQ,GFAI
NASDAQ,UTSI
NASDAQ,MTVA
NASDAQ,MNDO
NASDAQ,VVOS
NASDAQ,GDTC
NYSE,GWH
NASDAQ,MSAI
NASDAQ,MRM
NYSE,SQNS
NASDAQ,NWGL
NASDAQ,PFAI
NASDAQ,ALLR
NASDAQ,LIXT
NASDAQ,QTTB
NASDAQ,RLYB
NASDAQ,PPCB
NASDAQ,SNES
NASDAQ,HOTH
NASDAQ,GLBS
NASDAQ,MAMK
NASDAQ,MGRX
NASDAQ,RAY
NASDAQ,CVV
NASDAQ,CURX
NASDAQ,WTO
NASDAQ,MTC
NASDAQ,IQST
NASDAQ,NXPL
NASDAQ,IROH
NASDAQ,BANL
NASDAQ,WFF
NASDAQ,AZI
NASDAQ,LSTA
NASDAQ,NTCL
NASDAQ,CUPR
NASDAQ,SHFS
NASDAQ,PMN
NASDAQ,CLSD
NASDAQ,CRIS
NASDAQ,DXST
NASDAQ,YMAT
NASDAQ,NCRA
NASDAQ,SABS
NASDAQ,EJH
NASDAQ,WCT
NASDAQ,WKSP
NASDAQ,TOMZ
NASDAQ,CING
NASDAQ,LEXX
NASDAQ,TAOX
NASDAQ,EHLD
NASDAQ,SYBX
NASDAQ,APLM
NASDAQ,CASI
NASDAQ,CTRM
NASDAQ,RVSN
NASDAQ,HUDI
NASDAQ,ANY
NASDAQ,ABTS
NASDAQ,HBIO
NASDAQ,ANGH
NASDAQ,GIGM
NASDAQ,RENT
NASDAQ,ELPW
NASDAQ,CETY
NASDAQ,CTXR
NASDAQ,IRIX
NASDAQ,DTCK
NASDAQ,HCAI
NASDAQ,TRIB
NASDAQ,GDHG
NASDAQ,MWYN
NASDAQ,EHGO
NASDAQ,HTCR
NASDAQ,SEGG
NASDAQ,JYD
NASDAQ,NVNO
NASDAQ,PC
NASDAQ,COCH
NASDAQ,SOND
NASDAQ,IPM
NASDAQ,CODX
NASDAQ,NISN
NASDAQ,PRPH
NASDAQ,LEDS
NASDAQ,COOT
NASDAQ,HWH
NASDAQ,EDTK
NASDAQ,ASBP
NASDAQ,NAII
NASDAQ,ZDAI
NASDAQ,CLRB
NASDAQ,INHD
NASDAQ,PN
NASDAQ,WTG
NASDAQ,SCNX
NASDAQ,INEO
NASDAQ,LMFA
NASDAQ,EDSA
NASDAQ,TLIH
NASDAQ,ABP
NASDAQ,AGMH
NASDAQ,LGCL
NASDAQ,CXAI
NASDAQ,AYTU
NYSE,BHV
NASDAQ,WVVI
NASDAQ,GTIM
NASDAQ,FIEE
NASDAQ,LGVN
NASDAQ,IPW
NASDAQ,ICU
NASDAQ,VIVK
NASDAQ,MSS
NASDAQ,GLE
NASDAQ,THAR
NASDAQ,WKHS
NASDAQ,TBH
NASDAQ,AIMD
NASDAQ,NXL
NASDAQ,MNDR
NASDAQ,TRSG
NASDAQ,GOVX
NASDAQ,BLIN
NASDAQ,ELSE
NASDAQ,COCP
NASDAQ,IPDN
NASDAQ,MSGM
NYSE,ALUR
NASDAQ,BNGO
NASDAQ,PULM
NASDAQ,RBNE
NASDAQ,IBIO
NASDAQ,DTSS
NASDAQ,USEA
NASDAQ,KITT
NASDAQ,MTEX
NASDAQ,DLPN
NASDAQ,EFOI
NASDAQ,CHEK
NASDAQ,FEMY
NASDAQ,CHSN
NASDAQ,SMSI
NASDAQ,TKLF
NASDAQ,NXTC
NASDAQ,ATHA
NASDAQ,BCDA
NASDAQ,TAIT
NASDAQ,WETH
NASDAQ,PT
NASDAQ,FPAY
NASDAQ,OXBR
NASDAQ,NERV
NASDAQ,ARBB
NASDAQ,LPCN
NASDAQ,PHH
NASDAQ,FLYE
NASDAQ,YHGJ
NASDAQ,LSH
NASDAQ,MNTS
NASDAQ,HSDT
NASDAQ,CNFR
NASDAQ,HCTI
NASDAQ,LPTX
NYSE,ENFY
NASDAQ,AMST
NASDAQ,SFHG
NASDAQ,BFRG
NASDAQ,KRKR
NASDAQ,AIXI
NASDAQ,BHAT
NASDAQ,BIVI
NASDAQ,CRE
NASDAQ,CPOP
NASDAQ,CMMB
NASDAQ,ORKT
NASDAQ,FTRK
NASDAQ,ILAG
NASDAQ,AREB
NASDAQ,STI
NASDAQ,ZKIN
NASDAQ,HXHX
NASDAQ,HYFM
NASDAQ,BON
NASDAQ,INTJ
NASDAQ,LVLU
NASDAQ,APM
NASDAQ,GELS
NASDAQ,EKSO
NASDAQ,REBN
NASDAQ,XAIR
NASDAQ,ATON
NASDAQ,TRAW
NASDAQ,IMNN
NASDAQ,GLBZ
NASDAQ,NCEW
NASDAQ,DUO
NASDAQ,JTAI
NASDAQ,BNAI
NASDAQ,PHIO
NASDAQ,ARTW
NASDAQ,RMSG
NASDAQ,RMCF
NASDAQ,BNZI
NASDAQ,SINT
NASDAQ,OSRH
NASDAQ,PFSA
NASDAQ,SSKN
NASDAQ,WATT
NASDAQ,PSIG
NASDAQ,MLEC
NASDAQ,TXMD
NASDAQ,MRKR
NASDAQ,FLGC
NASDAQ,JCTC
NASDAQ,SSM
NASDAQ,CGTL
NASDAQ,MEGL
NASDAQ,LBGJ
NASDAQ,CARM
NASDAQ,CARV
NASDAQ,GXAI
NASDAQ,MHUA
NASDAQ,FGI
NASDAQ,GTI
NASDAQ,BSLK
NASDAQ,INTS
NASDAQ,ATXG
NASDAQ,EDUC
NASDAQ,LFWD
NASDAQ,BGMS
NASDAQ,MBIO
NASDAQ,GRNQ
NASDAQ,BRTX
NASDAQ,PCLA
NASDAQ,VRME
NASDAQ,PTHL
NASDAQ,PETZ
NASDAQ,BTBD
NASDAQ,OLB
NASDAQ,SONM
NASDAQ,SNSE
NASDAQ,INLF
NASDAQ,NCPL
NASDAQ,FCHL
NASDAQ,XHLD
NASDAQ,PCSA
NASDAQ,LYRA
NASDAQ,SKYQ
NASDAQ,CLWT
NASDAQ,DWTX
NASDAQ,TNON
NASDAQ,VSEE
NASDAQ,MIGI
NASDAQ,BOLT
NASDAQ,BBGI
NASDAQ,INAB
NASDAQ,AQMS
NASDAQ,AEHL
NASDAQ,BFRI
NASDAQ,ATER
NASDAQ,INBS
NASDAQ,FGL
NASDAQ,BGLC
NYSE,MTR
NASDAQ,VS
NASDAQ,KZIA
NASDAQ,EVGN
NASDAQ,SPHL
NASDAQ,IFBD
NASDAQ,CIIT
NASDAQ,EEIQ
NASDAQ,JXG
NASDAQ,HSCS
NASDAQ,ADVB
NASDAQ,MARPS
NASDAQ,SOWG
NASDAQ,ISPC
NASDAQ,ZBAI
NASDAQ,UCAR
NASDAQ,IOTR
NASDAQ,EPIX
NASDAQ,RVYL
NASDAQ,LCFY
NASDAQ,ALBT
NASDAQ,YJ
NASDAQ,SNTG
NASDAQ,CHR
NASDAQ,CDTG
NASDAQ,NLSP
NASDAQ,IMCC
NASDAQ,LUCY
NASDAQ,PAVM
NASDAQ,VCIG
NASDAQ,DHAI
NASDAQ,RAYA
NASDAQ,ADN
NASDAQ,LDWY
NASDAQ,GV
NASDAQ,KPRX
NASDAQ,POAI
NASDAQ,AGRI
NASDAQ,HCWB
NASDAQ,WAI
NASDAQ,CLRO
NASDAQ,ERNA
NASDAQ,MKZR
NASDAQ,POLA
NASDAQ,MYSE
NASDAQ,SQFT
NASDAQ,QLGN
NASDAQ,OP
NASDAQ,SMTK
NASDAQ,DEVS
NASDAQ,CELZ
NASDAQ,APRE
NASDAQ,RNAZ
NASDAQ,ASTC
NASDAQ,VYNE
NASDAQ,LRHC
NASDAQ,YHC
NASDAQ,XELB
NASDAQ,GITS
NASDAQ,HTOO
NASDAQ,VIVS
NASDAQ,QCLS
NASDAQ,PTIX
NASDAQ,TNMG
NASDAQ,PALI
NASDAQ,GLXG
NASDAQ,GORV
NASDAQ,SCKT
NASDAQ,GURE
NASDAQ,SEED
NASDAQ,CYCN
NASDAQ,IDAI
NASDAQ,NWTG
NASDAQ,WAFU
NASDAQ,FEBO
NASDAQ,ELWS
NASDAQ,BMRA
NASDAQ,CAPS
NASDAQ,ARTL
NASDAQ,SLXN
NASDAQ,KXIN
NASDAQ,LOBO
NASDAQ,EPWK
NASDAQ,CCTG
NASDAQ,FTEL
NASDAQ,HIHO
NASDAQ,GNPX
NASDAQ,GLMD
NASDAQ,CREV
NASDAQ,CNEY
NASDAQ,NCNA
NASDAQ,EVOK
NASDAQ,SKK
NASDAQ,ALZN
NASDAQ,ENTO
NASDAQ,PRSO
NASDAQ,DRCT
NASDAQ,ADIL
NASDAQ,RDGT
NASDAQ,SUGP
NASDAQ,SILO
NASDAQ,FTFT
NASDAQ,BIYA
NASDAQ,CDIO
NASDAQ,AQB
NASDAQ,PTLE
NASDAQ,MYNZ
NASDAQ,BIAF
NASDAQ,SOPA
NASDAQ,MASK
NASDAQ,BOXL
NASDAQ,RIME
NASDAQ,EVTV
NASDAQ,SBFM
NASDAQ,ENSC
NASDAQ,SNOA
NASDAQ,PMCB
NASDAQ,IVP
NASDAQ,ASNS
NASDAQ,AMIX
NASDAQ,CERO
NASDAQ,PLRZ
NASDAQ,ACXP
NASDAQ,NCI
NASDAQ,WHLR
NASDAQ,OBLG
NASDAQ,LNKS
NASDAQ,VEEE
NASDAQ,JCSE
NASDAQ,RDHL
NASDAQ,CHNR
NASDAQ,GCTK
NASDAQ,CNET
NASDAQ,ASTI
NASDAQ,XWEL
NASDAQ,QH
NASDAQ,ORIS
NASDAQ,XXII
NASDAQ,TRNR
NASDAQ,ONFO
NASDAQ,SGD
NASDAQ,GLTO
NASDAQ,WNW
NASDAQ,CREG
NASDAQ,GVH
NASDAQ,HUBC
NASDAQ,UGRO
NASDAQ,CMND
NASDAQ,ECDA
NASDAQ,CTNT
NASDAQ,SISI
NASDAQ,GSUN
NASDAQ,SXTP
NASDAQ,NAOV
NASDAQ,IBG
NASDAQ,TTNP
NASDAQ,TCRT
NASDAQ,SLE
NASDAQ,CLIK
NASDAQ,KTTA
NASDAQ,SDOT
NASDAQ,EDBL
NASDAQ,APDN
NASDAQ,KAVL
NASDAQ,BNRG
NASDAQ,ONCO
NASDAQ,INM
NASDAQ,GIPR
NASDAQ,SOBR
NASDAQ,BKYI
NASDAQ,SNGX
NASDAQ,XPON
NASDAQ,CNSP
NASDAQ,WOK
NASDAQ,JZ
NASDAQ,BAOS
NASDAQ,APVO
NASDAQ,GRI
NASDAQ,CMCT
NASDAQ,GNLN
NASDAQ,XBIO
NASDAQ,SUNE
NASDAQ,ULY
NASDAQ,JAGX
NASDAQ,TIVC
NASDAQ,RKDA
NASDAQ,NVVE
NASDAQ,MOVE
NASDAQ,SGLY
NASDAQ,AUUD
NASDAQ,VMAR
NASDAQ,TGL
NASDAQ,ACON
NASDAQ,SBLX
NASDAQ,SPRB
NASDAQ,VERO
NASDAQ,BBLG
NASDAQ,SHPH
NASDAQ,QNRX
NASDAQ,WBUY
NASDAQ,ADTX
NASDAQ,JDZG
NASDAQ,TWG
NASDAQ,PMAX
NASDAQ,RELI
NASDAQ,GWAV
NASDAQ,NIVF
NASDAQ,NDRA
NASDAQ,BDRX
NASDAQ,JWEL
NASDAQ,MYSZ
NASDAQ,INDP
NASDAQ,SGBX
NYSE,KUKE
NASDAQ,ELAB
NASDAQ,IVF
NASDAQ,NITO
NASDAQ,SLRX
NASDAQ,IMTE
NASDAQ,DRMA
NASDAQ,DGLY
NASDAQ,LXEH
NASDAQ,TRUG
NASDAQ,IVDA
NASDAQ,HIND
NASDAQ,LICN
NASDAQ,RETO
NASDAQ,FRGT
NASDAQ,CJET
NASDAQ,NAAS
NASDAQ,REVB
NASDAQ,STFS
NASDAQ,NUWE
NASDAQ,BENF
NASDAQ,BLMZ
NASDAQ,UOKA
NASDAQ,AKAN
NASDAQ,PRFX
NASDAQ,GTBP
NASDAQ,TAOP
NASDAQ,VRAX
NASDAQ,STKH
NASDAQ,JFBR
NASDAQ,AIHS
NASDAQ,FAMI
NASDAQ,GIBO
NASDAQ,UPC
NASDAQ,TANH
NASDAQ,SPRC
NASDAQ,WORX
NASDAQ,YAAS
NASDAQ,BJDX
NASDAQ,PBM
NASDAQ,CETX
NASDAQ,UK
NASDAQ,CDT
NASDAQ,TC
NASDAQ,MSPR
NASDAQ,ENVB
NASDAQ,AEMD
NASDAQ,SMX
NASDAQ,CISS
NASDAQ,XHG
NASDAQ,SCNI
NASDAQ,ZNB
NASDAQ,LGHL
NASDAQ,EZGO
NASDAQ,BINI
NASDAQ,SCAG
NYSE,BCAT
NYSE,SCE/PM
NYSE,FSCO
NYSE,RFM
NYSE,RLTY
NYSE,NPCT
NYSE,SCD
NYSE,PDT
NYSE,JOF
NASDAQ,PHOE
NYSE,NBXG
NYSE,TPTA
NYSE,NIE
NYSE,SEAL/PB
NYSE,DDT
NYSE,TRTN/PA
NYSE,NXJ
NYSE,CDR/PB
NYSE,PTA
NASDAQ,MLCI
NYSE,MHLA
NYSE,EFR
NASDAQ,MBNKO
NYSE,HGLB
NYSE,SDHY
NASDAQ,ZGM
NASDAQ,HMR
NYSE,GJO
NYSE,PRIF/PD
NYSE,WBI
NYSE,BNJ
NASDAQ,BPYPN
NYSE,HYT
NYSE,EP/PC
NYSE,EVG
NYSE,PCF
NASDAQ,FMFC
NASDAQ,BPOPM
NASDAQ,IPST
NYSE,TFSA
NYSE,PAXS
NYSE,EMP
NASDAQ,OFAL
NYSE,PSEC/PA
NYSE,NMCO
NYSE,OAK/PA
NYSE,AEFC
NYSE,SCE/PL
NYSE,FMN
NYSE,FINS
NASDAQ,FOFO
NYSE,DLY
NASDAQ,EDHL
NYSE,ECAT
NYSE,ANG/PB
NYSE,BIPH
NYSE,GLOP/PA
NYSE,GPJA
NYSE,KKRS
NASDAQ,HKPD
NASDAQ,BMHL
NYSE,NRUC
NASDAQ,CJMB
NYSE,NDMO
NYSE,MCI
NYSE,NPFD
NYSE,PTY
NYSE,FTHY
NYSE,KTF
NYSE,RMMZ
NYSE,GJR
NASDAQ,PLTS
NASDAQ,JEM
NYSE,PYT
NYSE,KTN
NYSE,ETI/P
NYSE,RFMZ
NYSE,PDX
NYSE,IDE
NASDAQ,BANFP
NASDAQ,SDM
NYSE,RMM
NYSE,BNH
NYSE,CTA/PA
NASDAQ,MJID
NYSE,ATCO/PH
NASDAQ,ICON
NYSE,GJT
NYSE,GJH
NASDAQ,CGABL
NYSE,BTX
NASDAQ,HCHL
NYSE,ELC
NASDAQ,TBLD
NYSE,ATH/PA
NYSE,BMEZ
NYSE,HEQ
NYSE,ASGI
NYSE,EIIA
NYSE,BEPH
NYSE,MHNC
NYSE,GDL
NYSE,SCE/PK
NASDAQ,STAK
NYSE,SPE
NASDAQ,FBGL
NYSE,MEGI
NASDAQ,RUBI
NYSE,GJP
NYSE,NEE/PN
NYSE,BMN
NYSE,SCE/PN
NASDAQ,MGN
NASDAQ,CPZ
NASDAQ,ETS
NYSE,IPB
NASDAQ,DLXY
NASDAQ,BPYPM
NYSE,BIPI
NYSE,EAI
NYSE,PHD
NASDAQ,LAWR
NYSE,GUG
NASDAQ,TPGXL
NASDAQ,PLUT
NYSE,GJS
NASDAQ,TECTP
NYSE,JBK
NASDAQ,PTNM
NYSE,SCE/PJ
NYSE,PDO
NYSE,WDI
NASDAQ,MGRT
NYSE,CMS/PB
NASDAQ,NUTR
